[5:51:12 PM] Initializing price pairs...
[5:51:12 PM] Price pairs ready (15 pairs, CCC=0x11f98a36)
[5:51:12 PM] Tasern Balancer running
[5:51:12 PM] Interval: 120s | Dead zone: 5% | Swap: 10,000 tokens
[5:51:12 PM] Cap: 1,000,000 total tokens
[5:51:12 PM] Owner: 0x0780b1456D5E60CF26C8Cd6541b85E805C8c05F2
[5:51:12 PM] Wallet: 0x910985A5a717ED9C7a0c28d6Ac4fE2d45D8cCDa6

[5:51:12 PM] Prices: DDD $0.0004730402 | OGC $0.0002597443 | PKT $0.0002592898 | DHG $0.0001837995 | EGP $0.0001831136 | IGS $0.0001810744 | BTN $0.0001804867 | LGP $0.0001774939
[5:51:12 PM] High: DDD $0.0004730402 | Low: LGP $0.0001774939 | Spread: 166.51%
[5:51:12 PM] Selling 10,000 DDD for LGP
[5:51:17 PM] Swapped V3 direct DDD->LGP | gas 130102
[5:51:17 PM] Total tokens: 1,055,305 / 1,000,000
[5:51:17 PM] Skimming 25431 LGP to owner 0x0780b145...
[5:51:22 PM] Sent | tx: 0xf28d185ef59ed8e2a29614d1ba00bd287e66564907cfe77ab62a4a83bcd90ab8
[5:51:22 PM] [1/1 swaps] Next in 120s
[5:53:23 PM] Prices: DDD $0.0004730402 | OGC $0.0002597443 | PKT $0.0002592898 | DHG $0.0001837995 | EGP $0.0001831136 | IGS $0.0001810744 | BTN $0.0001804867 | LGP $0.0001774939
[5:53:23 PM] High: DDD $0.0004730402 | Low: LGP $0.0001774939 | Spread: 166.51%
[5:53:23 PM] Selling 10,000 DDD for LGP
[5:53:28 PM] Swapped V3 direct DDD->LGP | gas 130108
[5:53:28 PM] Total tokens: 1,044,341 / 1,000,000
[5:53:28 PM] Skimming 24467 LGP to owner 0x0780b145...
[5:53:33 PM] Sent | tx: 0x5454282eccb1e152ced8733c45c2a72dd3c1620ceccee59db015c9a53237853b
[5:53:33 PM] [2/2 swaps] Next in 120s
[5:55:33 PM] Prices: DDD $0.0004730402 | OGC $0.0002597443 | PKT $0.0002592898 | EGP $0.0001831136 | LGP $0.0001820719 | DHG $0.0001817497 | IGS $0.0001810744 | BTN $0.0001804867
[5:55:33 PM] High: DDD $0.0004730402 | Low: BTN $0.0001804867 | Spread: 162.09%
[5:55:33 PM] Selling 10,000 DDD for BTN
[5:55:39 PM] Swapped V3 direct DDD->BTN | gas 129387
[5:55:39 PM] Total tokens: 1,034,137 / 1,000,000
[5:55:39 PM] Skimming 24264 BTN to owner 0x0780b145...
[5:55:45 PM] Sent | tx: 0x820698b7eab2218769def09d7dfcd0979288ca7be05d3351d21a4fb55a1d246b
[5:55:45 PM] [3/3 swaps] Next in 120s
[5:57:45 PM] Prices: DDD $0.0004730402 | OGC $0.0002597443 | PKT $0.0002592898 | EGP $0.0001831136 | LGP $0.0001820719 | DHG $0.0001817497 | BTN $0.0001811880 | IGS $0.0001810744
[5:57:45 PM] High: DDD $0.0004730402 | Low: IGS $0.0001810744 | Spread: 161.24%
[5:57:45 PM] Selling 10,000 DDD for IGS
[5:57:50 PM] Swapped V3 direct DDD->IGS | gas 129350
[5:57:50 PM] Total tokens: 1,009,874 / 1,000,000
[5:57:50 PM] [4/4 swaps] Next in 120s
[5:59:50 PM] Prices: DDD $0.0004730402 | OGC $0.0002597443 | PKT $0.0002592898 | EGP $0.0001831136 | LGP $0.0001820719 | DHG $0.0001817497 | BTN $0.0001811880 | IGS $0.0001810744
[5:59:50 PM] High: DDD $0.0004730402 | Low: IGS $0.0001810744 | Spread: 161.24%
[5:59:51 PM] Selling 10,000 DDD for IGS
[5:59:55 PM] Swapped V3 direct DDD->IGS | gas 112308
[5:59:56 PM] Total tokens: 1,038,679 / 1,000,000
[5:59:56 PM] Skimming 38679 IGS to owner 0x0780b145...
[6:00:01 PM] Sent | tx: 0xff7fe41bce4c249e57c297b142f9f0292b254a575e3f4c4d51c0c15c8226414d
[6:00:01 PM] [5/5 swaps] Next in 120s
[6:02:01 PM] Prices: DDD $0.0004728398 | OGC $0.0002597443 | PKT $0.0002592898 | IGS $0.0001852994 | EGP $0.0001831136 | LGP $0.0001820719 | DHG $0.0001817497 | BTN $0.0001811880
[6:02:01 PM] High: DDD $0.0004728398 | Low: BTN $0.0001811880 | Spread: 160.97%
[6:02:01 PM] Selling 10,000 DDD for BTN
[6:02:06 PM] Swapped V3 direct DDD->BTN | gas 129337
[6:02:06 PM] Total tokens: 1,013,609 / 1,000,000
[6:02:06 PM] Skimming 13609 BTN to owner 0x0780b145...
[6:02:11 PM] Sent | tx: 0xc64cd5646a420708f23a8fc66ba5e2fe00fbf1eb14e97fc7ed7930559c1cd008
[6:02:11 PM] [6/6 swaps] Next in 120s
[6:04:11 PM] Prices: DDD $0.0004728398 | OGC $0.0002597443 | PKT $0.0002592898 | IGS $0.0001852994 | BTN $0.0001842646 | EGP $0.0001831136 | LGP $0.0001820719 | DHG $0.0001817497
[6:04:11 PM] High: DDD $0.0004728398 | Low: DHG $0.0001817497 | Spread: 160.16%
[6:04:12 PM] Selling 10,000 DDD for DHG
[6:04:17 PM] Swapped V3 direct DDD->DHG | gas 112261
[6:04:17 PM] Total tokens: 1,013,908 / 1,000,000
[6:04:17 PM] Skimming 13908 DHG to owner 0x0780b145...
[6:04:22 PM] Sent | tx: 0x514e041a7a521dce2912860cb266b50630466651937e8b96f6aefcd77317e678
[6:04:22 PM] [7/7 swaps] Next in 120s
[6:06:22 PM] No price: OGC (LPs drained)
[6:06:22 PM] Prices: DDD $0.0004728398 | PKT $0.0002592898 | IGS $0.0001852994 | BTN $0.0001842646 | EGP $0.0001831136 | LGP $0.0001820719 | DHG $0.0001817497
[6:06:22 PM] High: DDD $0.0004728398 | Low: DHG $0.0001817497 | Spread: 160.16%
[6:06:22 PM] Selling 10,000 DDD for DHG
[6:06:27 PM] Swapped V3 direct DDD->DHG | gas 111291
[6:06:27 PM] Total tokens: 1,013,217 / 1,000,000
[6:06:27 PM] Skimming 13217 DHG to owner 0x0780b145...
[6:06:32 PM] Sent | tx: 0x9b9f88b27d3a5489b86232bcd47e3a7c0a0a3c2720a4cbbdcf532f6c024a6d4a
[6:06:32 PM] [8/8 swaps] Next in 120s
[6:08:30 PM] No price: OGC (LPs drained)
[6:08:30 PM] Prices: DDD $0.0004706689 | PKT $0.0002592898 | IGS $0.0001852994 | DHG $0.0001846647 | BTN $0.0001842646 | EGP $0.0001831136 | LGP $0.0001820719
[6:08:30 PM] High: DDD $0.0004706689 | Low: LGP $0.0001820719 | Spread: 158.51%
[6:08:30 PM] Selling 10,000 DDD for LGP
[6:08:35 PM] Swapped V3 direct DDD->LGP | gas 130064
[6:08:35 PM] Total tokens: 1,013,989 / 1,000,000
[6:08:35 PM] Skimming 13989 LGP to owner 0x0780b145...
[6:08:40 PM] Sent | tx: 0x966fcbd27b25e41f8ed2d81856ab8ab70d763cdf29c279dec99d1d94fa679996
[6:08:40 PM] [9/9 swaps] Next in 120s
[6:10:40 PM] No price: OGC (LPs drained)
[6:10:40 PM] Prices: DDD $0.0004706689 | PKT $0.0002592898 | IGS $0.0001852994 | DHG $0.0001846647 | BTN $0.0001837493 | EGP $0.0001831136 | LGP $0.0001820719
[6:10:40 PM] High: DDD $0.0004706689 | Low: LGP $0.0001820719 | Spread: 158.51%
[6:10:40 PM] Selling 10,000 DDD for LGP
[6:10:45 PM] Swapped V3 direct DDD->LGP | gas 113058
[6:10:45 PM] Total tokens: 1,013,549 / 1,000,000
[6:10:45 PM] Skimming 13549 LGP to owner 0x0780b145...
[6:10:50 PM] Sent | tx: 0x4f92f5954714273d4e50731a9deaf78f322dc5eaf77e2adbefb85d75b5923411
[6:10:50 PM] [10/10 swaps] Next in 120s
[6:12:51 PM] No price: OGC (LPs drained)
[6:12:51 PM] Prices: DDD $0.0004696297 | PKT $0.0002592898 | IGS $0.0001852994 | LGP $0.0001850780 | DHG $0.0001846647 | BTN $0.0001837493 | EGP $0.0001831136
[6:12:51 PM] High: DDD $0.0004696297 | Low: EGP $0.0001831136 | Spread: 156.47%
[6:12:51 PM] Selling 10,000 DDD for EGP
[6:12:56 PM] Swapped V3 direct DDD->EGP | gas 130563
[6:12:56 PM] Total tokens: 1,015,143 / 1,000,000
[6:12:56 PM] Skimming 15143 EGP to owner 0x0780b145...
[6:13:01 PM] Sent | tx: 0xd91919194b1e8319004cfe268f9ca6bbab3984b531652b6eca6171d0ab5830bf
[6:13:01 PM] [11/11 swaps] Next in 120s
[6:15:03 PM] No price: OGC (LPs drained)
[6:15:03 PM] Prices: DDD $0.0004696297 | PKT $0.0002592898 | IGS $0.0001852994 | LGP $0.0001850780 | DHG $0.0001846647 | BTN $0.0001837493 | EGP $0.0001831136
[6:15:03 PM] High: DDD $0.0004696297 | Low: EGP $0.0001831136 | Spread: 156.47%
[6:15:03 PM] Selling 10,000 DDD for EGP
[6:15:16 PM] Swapped V3 direct DDD->EGP | gas 143149
[6:15:16 PM] Total tokens: 1,014,047 / 1,000,000
[6:15:16 PM] Skimming 14047 EGP to owner 0x0780b145...
[6:15:22 PM] Sent | tx: 0x7fd3200c11489649e01f649e9fc5de360d117257cad00797df13f8fc60136999
[6:15:22 PM] [12/12 swaps] Next in 120s
[6:17:22 PM] No price: OGC (LPs drained)
[6:17:22 PM] Prices: DDD $0.0004696297 | PKT $0.0002592898 | IGS $0.0001852994 | LGP $0.0001850780 | DHG $0.0001846647 | BTN $0.0001837493 | EGP $0.0001831136
[6:17:22 PM] High: DDD $0.0004696297 | Low: EGP $0.0001831136 | Spread: 156.47%
[6:17:23 PM] Selling 10,000 DDD for EGP
[6:17:27 PM] Swapped V3 direct DDD->EGP | gas 143105
[6:17:27 PM] Total tokens: 1,013,756 / 1,000,000
[6:17:27 PM] Skimming 13756 EGP to owner 0x0780b145...
[6:17:32 PM] Sent | tx: 0x701f73bee91ee43f8d67548ce68bb7fb7cbb17a4d92145e74f75812fe1db040c
[6:17:32 PM] [13/13 swaps] Next in 120s
[6:19:33 PM] No price: OGC (LPs drained)
[6:19:33 PM] Prices: DDD $0.0004696297 | PKT $0.0002592898 | EGP $0.0001855662 | IGS $0.0001852994 | LGP $0.0001850780 | DHG $0.0001846647 | BTN $0.0001837493
[6:19:33 PM] High: DDD $0.0004696297 | Low: BTN $0.0001837493 | Spread: 155.58%
[6:19:33 PM] Selling 10,000 DDD for BTN
[6:19:38 PM] Swapped V3 direct DDD->BTN | gas 112245
[6:19:38 PM] Total tokens: 1,013,378 / 1,000,000
[6:19:38 PM] Skimming 13378 BTN to owner 0x0780b145...
[6:19:43 PM] Sent | tx: 0xcb67ee04574d5f1f8c841f5fcf08af4f5c82381a56adf88dc18b0cdf500253a9
[6:19:43 PM] [14/14 swaps] Next in 120s
[6:21:43 PM] No price: OGC (LPs drained)
[6:21:43 PM] Prices: DDD $0.0004685765 | PKT $0.0002592898 | EGP $0.0001855662 | IGS $0.0001852994 | BTN $0.0001850896 | LGP $0.0001850780 | DHG $0.0001846647
[6:21:43 PM] High: DDD $0.0004685765 | Low: DHG $0.0001846647 | Spread: 153.74%
[6:21:44 PM] Selling 10,000 DDD for DHG
[6:21:48 PM] Swapped V3 direct DDD->DHG | gas 112235
[6:21:49 PM] Total tokens: 1,013,201 / 1,000,000
[6:21:49 PM] Skimming 13201 DHG to owner 0x0780b145...
[6:21:54 PM] Sent | tx: 0x53af34fd0a4952568c7aa6317138da0522eb0b81523d9fa631da2fcaaedbd917
[6:21:54 PM] [15/15 swaps] Next in 120s
[6:23:54 PM] No price: OGC (LPs drained)
[6:23:54 PM] Prices: DDD $0.0004664745 | PKT $0.0002592898 | EGP $0.0001855662 | IGS $0.0001852994 | LGP $0.0001850780 | BTN $0.0001847983 | DHG $0.0001846647
[6:23:54 PM] High: DDD $0.0004664745 | Low: DHG $0.0001846647 | Spread: 152.61%
[6:23:54 PM] Selling 10,000 DDD for DHG
[6:23:59 PM] Swapped V3 direct DDD->DHG | gas 112273
[6:23:59 PM] Total tokens: 1,012,833 / 1,000,000
[6:23:59 PM] Skimming 12833 DHG to owner 0x0780b145...
[6:24:04 PM] Sent | tx: 0x8a10b9939c37c4553ca0225c76d42b0672578a6220ddfceab852188957578320
[6:24:04 PM] [16/16 swaps] Next in 120s
[6:26:05 PM] No price: OGC (LPs drained)
[6:26:05 PM] Prices: DDD $0.0004664745 | PKT $0.0002592898 | DHG $0.0001873552 | EGP $0.0001855662 | IGS $0.0001852994 | LGP $0.0001850780 | BTN $0.0001847983
[6:26:05 PM] High: DDD $0.0004664745 | Low: BTN $0.0001847983 | Spread: 152.42%
[6:26:05 PM] Selling 10,000 DDD for BTN
[6:26:10 PM] Swapped V3 direct DDD->BTN | gas 112289
[6:26:10 PM] Total tokens: 1,013,202 / 1,000,000
[6:26:10 PM] Skimming 13202 BTN to owner 0x0780b145...
[6:26:15 PM] Sent | tx: 0x5a5c7571e0802da501af4154f23f191b78e8dd778016b97e5651a6a93065a088
[6:26:15 PM] [17/17 swaps] Next in 120s
[6:28:15 PM] No price: OGC (LPs drained)
[6:28:15 PM] Prices: DDD $0.0004669265 | PKT $0.0002592898 | DHG $0.0001873552 | EGP $0.0001855662 | IGS $0.0001852994 | LGP $0.0001850780 | BTN $0.0001847983
[6:28:15 PM] High: DDD $0.0004669265 | Low: BTN $0.0001847983 | Spread: 152.67%
[6:28:15 PM] Selling 10,000 DDD for BTN
[6:28:20 PM] Swapped V3 direct DDD->BTN | gas 112235
[6:28:20 PM] Total tokens: 1,012,981 / 1,000,000
[6:28:20 PM] Skimming 12981 BTN to owner 0x0780b145...
[6:28:25 PM] Sent | tx: 0xd2bf0bd451d5bec643a3415f160a94cbede2ca3ef403bdbbc0dd237691bec407
[6:28:25 PM] [18/18 swaps] Next in 120s
[6:30:25 PM] No price: OGC (LPs drained)
[6:30:25 PM] Prices: DDD $0.0004669265 | PKT $0.0002592898 | DHG $0.0001873552 | BTN $0.0001872525 | EGP $0.0001855662 | IGS $0.0001852994 | LGP $0.0001850780
[6:30:25 PM] High: DDD $0.0004669265 | Low: LGP $0.0001850780 | Spread: 152.29%
[6:30:25 PM] Selling 10,000 DDD for LGP
[6:30:30 PM] Swapped V3 direct DDD->LGP | gas 112980
[6:30:30 PM] Total tokens: 1,013,684 / 1,000,000
[6:30:30 PM] Skimming 13684 LGP to owner 0x0780b145...
[6:30:35 PM] Sent | tx: 0x525bc140e803846f48b3258ff0c63ccd6adcd40c318c4001f27a304936ef7150
[6:30:35 PM] [19/19 swaps] Next in 120s
[6:32:36 PM] No price: OGC (LPs drained)
[6:32:36 PM] Prices: DDD $0.0004669265 | PKT $0.0002592898 | DHG $0.0001873552 | BTN $0.0001872525 | EGP $0.0001855662 | IGS $0.0001852994 | LGP $0.0001850780
[6:32:36 PM] High: DDD $0.0004669265 | Low: LGP $0.0001850780 | Spread: 152.29%
[6:32:36 PM] Selling 10,000 DDD for LGP
[6:32:41 PM] Swapped V3 direct DDD->LGP | gas 113006
[6:32:41 PM] Total tokens: 1,013,053 / 1,000,000
[6:32:41 PM] Skimming 13053 LGP to owner 0x0780b145...
[6:32:46 PM] Sent | tx: 0x1f8a3085bca2cd4d18f9fa14d8f43c5c305eda91ff5ed8cec90c8b19c6f56be7
[6:32:46 PM] [20/20 swaps] Next in 120s
[6:34:46 PM] No price: OGC (LPs drained)
[6:34:46 PM] Prices: DDD $0.0004669265 | PKT $0.0002592898 | DHG $0.0001878563 | BTN $0.0001872525 | EGP $0.0001855662 | IGS $0.0001852994 | LGP $0.0001850780
[6:34:46 PM] High: DDD $0.0004669265 | Low: LGP $0.0001850780 | Spread: 152.29%
[6:34:46 PM] Selling 10,000 DDD for LGP
[6:34:51 PM] Swapped V3 direct DDD->LGP | gas 113006
[6:34:52 PM] Total tokens: 1,013,011 / 1,000,000
[6:34:52 PM] Skimming 13011 LGP to owner 0x0780b145...
[6:34:57 PM] Sent | tx: 0x6a0e7c77d457501c89c2be5f257975619b08c3764191fb6cc75752c537a201c7
[6:34:57 PM] [21/21 swaps] Next in 120s
[6:36:57 PM] No price: OGC (LPs drained)
[6:36:57 PM] Prices: DDD $0.0004659841 | PKT $0.0002592898 | DHG $0.0001878563 | BTN $0.0001872525 | LGP $0.0001869189 | EGP $0.0001855662 | IGS $0.0001852994
[6:36:57 PM] High: DDD $0.0004659841 | Low: IGS $0.0001852994 | Spread: 151.48%
[6:36:57 PM] Selling 10,000 DDD for IGS
[6:37:02 PM] Swapped V3 direct DDD->IGS | gas 112235
[6:37:02 PM] Total tokens: 1,014,019 / 1,000,000
[6:37:02 PM] Skimming 14019 IGS to owner 0x0780b145...
[6:37:07 PM] Sent | tx: 0x33211f2399deabba81ff9d4025937e3436b74fe206960d70e1766bf49c780708
[6:37:07 PM] [22/22 swaps] Next in 120s
[6:39:08 PM] No price: OGC (LPs drained)
[6:39:08 PM] Prices: DDD $0.0004659841 | PKT $0.0002592898 | DHG $0.0001878563 | BTN $0.0001872525 | LGP $0.0001869189 | EGP $0.0001855662 | IGS $0.0001852994
[6:39:08 PM] High: DDD $0.0004659841 | Low: IGS $0.0001852994 | Spread: 151.48%
[6:39:08 PM] Selling 10,000 DDD for IGS
[6:39:13 PM] Swapped V3 direct DDD->IGS | gas 112289
[6:39:13 PM] Total tokens: 1,013,350 / 1,000,000
[6:39:13 PM] Skimming 13350 IGS to owner 0x0780b145...
[6:39:18 PM] Sent | tx: 0x89a64b5c0a840618fbb4d68fd4d95da328d1324ff19ca6232b8a3f38c472bd76
[6:39:18 PM] [23/23 swaps] Next in 120s
[6:41:18 PM] No price: OGC (LPs drained)
[6:41:18 PM] Prices: DDD $0.0004659841 | PKT $0.0002592898 | DHG $0.0001878563 | BTN $0.0001872525 | LGP $0.0001869189 | EGP $0.0001855662 | IGS $0.0001852994
[6:41:18 PM] High: DDD $0.0004659841 | Low: IGS $0.0001852994 | Spread: 151.48%
[6:41:18 PM] Selling 10,000 DDD for IGS
[6:41:23 PM] Swapped V3 direct DDD->IGS | gas 112293
[6:41:24 PM] Total tokens: 1,013,162 / 1,000,000
[6:41:24 PM] Skimming 13162 IGS to owner 0x0780b145...
[6:41:28 PM] Sent | tx: 0x917805f5efca59eca58bf5661468e0d74894f670ae7046de0c4549ed71785c85
[6:41:28 PM] [24/24 swaps] Next in 120s
[6:43:29 PM] No price: OGC (LPs drained)
[6:43:29 PM] Prices: DDD $0.0004659841 | PKT $0.0002592898 | DHG $0.0001878563 | BTN $0.0001872525 | LGP $0.0001869189 | EGP $0.0001855662 | IGS $0.0001852994
[6:43:29 PM] High: DDD $0.0004659841 | Low: IGS $0.0001852994 | Spread: 151.48%
[6:43:29 PM] Selling 10,000 DDD for IGS
[6:43:34 PM] Swapped V3 direct DDD->IGS | gas 112289
[6:43:34 PM] Total tokens: 1,013,100 / 1,000,000
[6:43:34 PM] Skimming 13100 IGS to owner 0x0780b145...
[6:43:39 PM] Sent | tx: 0x392d75f748a90a2dc181bd799cf11a45fdc2ee4d65cb52fbef0303ccf58806ca
[6:43:39 PM] [25/25 swaps] Next in 120s
[6:45:40 PM] No price: OGC (LPs drained)
[6:45:40 PM] Prices: DDD $0.0004659841 | PKT $0.0002592898 | DHG $0.0001878563 | BTN $0.0001872525 | LGP $0.0001869189 | EGP $0.0001855662 | IGS $0.0001852994
[6:45:40 PM] High: DDD $0.0004659841 | Low: IGS $0.0001852994 | Spread: 151.48%
[6:45:40 PM] Selling 10,000 DDD for IGS
[6:45:45 PM] Swapped V3 direct DDD->IGS | gas 112265
[6:45:45 PM] Total tokens: 1,013,139 / 1,000,000
[6:45:45 PM] Skimming 13139 IGS to owner 0x0780b145...
[6:45:50 PM] Sent | tx: 0x40c062ef05802d94218fdcf86b05c6b5c9c79c1e0716774125097248fbe975e3
[6:45:50 PM] [26/26 swaps] Next in 120s
[6:47:50 PM] No price: OGC (LPs drained)
[6:47:50 PM] Prices: DDD $0.0004659841 | PKT $0.0002592898 | DHG $0.0001878563 | BTN $0.0001872525 | LGP $0.0001869189 | EGP $0.0001855662 | IGS $0.0001852994
[6:47:50 PM] High: DDD $0.0004659841 | Low: IGS $0.0001852994 | Spread: 151.48%
[6:47:50 PM] Selling 10,000 DDD for IGS
[6:47:55 PM] Swapped V3 direct DDD->IGS | gas 112231
[6:47:55 PM] Total tokens: 1,012,906 / 1,000,000
[6:47:55 PM] Skimming 12906 IGS to owner 0x0780b145...
[6:48:00 PM] Sent | tx: 0x7b023a7390ab28a9a42cfad5c567e8e5f171c7a9b4c77848768c930953ccb888
[6:48:00 PM] [27/27 swaps] Next in 120s
[6:50:01 PM] No price: OGC (LPs drained)
[6:50:01 PM] Prices: DDD $0.0004659841 | PKT $0.0002592898 | IGS $0.0001892114 | DHG $0.0001878563 | BTN $0.0001872525 | LGP $0.0001869189 | EGP $0.0001855662
[6:50:01 PM] High: DDD $0.0004659841 | Low: EGP $0.0001855662 | Spread: 151.11%
[6:50:01 PM] Selling 10,000 DDD for EGP
[6:50:06 PM] Swapped V3 direct DDD->EGP | gas 143147
[6:50:06 PM] Total tokens: 1,014,119 / 1,000,000
[6:50:06 PM] Skimming 14119 EGP to owner 0x0780b145...
[6:50:11 PM] Sent | tx: 0xcf63ca13ccabf83dcdf862de718d96a111776618ca843c9fb49f8d32799ad602
[6:50:11 PM] [28/28 swaps] Next in 120s
[6:52:11 PM] No price: OGC (LPs drained)
[6:52:11 PM] Prices: DDD $0.0004659841 | PKT $0.0002592898 | IGS $0.0001892114 | DHG $0.0001878563 | BTN $0.0001872525 | LGP $0.0001869189 | EGP $0.0001853528
[6:52:11 PM] High: DDD $0.0004659841 | Low: EGP $0.0001853528 | Spread: 151.40%
[6:52:11 PM] Selling 10,000 DDD for EGP
[6:52:16 PM] Swapped V3 direct DDD->EGP | gas 143195
[6:52:16 PM] Total tokens: 1,013,499 / 1,000,000
[6:52:16 PM] Skimming 13499 EGP to owner 0x0780b145...
[6:52:21 PM] Sent | tx: 0xf3d57657f1c95877fb36045d8df3d89c17e6999e6cc4b4706df496cca4c839b3
[6:52:21 PM] [29/29 swaps] Next in 120s
[6:54:21 PM] No price: OGC (LPs drained)
[6:54:21 PM] Prices: DDD $0.0004659841 | PKT $0.0002592898 | IGS $0.0001892114 | DHG $0.0001878563 | BTN $0.0001872525 | LGP $0.0001869189 | EGP $0.0001853528
[6:54:21 PM] High: DDD $0.0004659841 | Low: EGP $0.0001853528 | Spread: 151.40%
[6:54:21 PM] Selling 10,000 DDD for EGP
[6:54:26 PM] Swapped V3 direct DDD->EGP | gas 113034
[6:54:26 PM] Total tokens: 1,012,877 / 1,000,000
[6:54:26 PM] Skimming 12877 EGP to owner 0x0780b145...
[6:54:31 PM] Sent | tx: 0x091e3c7dbc09836a899b5d9161b8ef82b2529c050cd040f14c82b98eedfa26be
[6:54:31 PM] [30/30 swaps] Next in 120s
[6:56:32 PM] No price: OGC (LPs drained)
[6:56:32 PM] Prices: DDD $0.0004659841 | PKT $0.0002592898 | IGS $0.0001892114 | DHG $0.0001878563 | BTN $0.0001872525 | LGP $0.0001869189 | EGP $0.0001853528
[6:56:32 PM] High: DDD $0.0004659841 | Low: EGP $0.0001853528 | Spread: 151.40%
[6:56:32 PM] Selling 10,000 DDD for EGP
[6:56:37 PM] Swapped V3 direct DDD->EGP | gas 113028
[6:56:37 PM] Total tokens: 1,012,840 / 1,000,000
[6:56:37 PM] Skimming 12840 EGP to owner 0x0780b145...
[6:56:42 PM] Sent | tx: 0x96a0a23ca0d4a51f46226e544e89fe944c3ca7b3df72b009de58e3541c217630
[6:56:42 PM] [31/31 swaps] Next in 120s
[6:58:42 PM] No price: OGC (LPs drained)
[6:58:42 PM] Prices: DDD $0.0004659841 | PKT $0.0002592898 | IGS $0.0001892114 | DHG $0.0001878563 | BTN $0.0001872525 | LGP $0.0001869189 | EGP $0.0001853528
[6:58:42 PM] High: DDD $0.0004659841 | Low: EGP $0.0001853528 | Spread: 151.40%
[6:58:42 PM] Selling 10,000 DDD for EGP
[6:58:47 PM] Swapped V3 direct DDD->EGP | gas 112048
[6:58:47 PM] Total tokens: 1,012,862 / 1,000,000
[6:58:47 PM] Skimming 12862 EGP to owner 0x0780b145...
[6:58:52 PM] Sent | tx: 0xce8a316f657ad6f8faf720b2be8489ab2059f676cc0acde5b319034caedbb03d
[6:58:52 PM] [32/32 swaps] Next in 120s
[7:00:52 PM] No price: OGC (LPs drained)
[7:00:52 PM] Prices: DDD $0.0004644677 | PKT $0.0002592898 | IGS $0.0001892114 | DHG $0.0001878563 | BTN $0.0001872525 | LGP $0.0001869189 | EGP $0.0001853528
[7:00:52 PM] High: DDD $0.0004644677 | Low: EGP $0.0001853528 | Spread: 150.59%
[7:00:53 PM] Selling 10,000 DDD for EGP
[7:00:58 PM] Swapped V3 direct DDD->EGP | gas 142917
[7:00:58 PM] Total tokens: 1,013,083 / 1,000,000
[7:00:58 PM] Skimming 13083 EGP to owner 0x0780b145...
[7:01:03 PM] Sent | tx: 0xc82bec618c8ab3102bfc125088bf69e726958315c8e90cacab7c8fe46211be28
[7:01:03 PM] [33/33 swaps] Next in 120s
[7:03:03 PM] No price: OGC (LPs drained)
[7:03:03 PM] Prices: DDD $0.0004644677 | PKT $0.0002592898 | IGS $0.0001892114 | DHG $0.0001878563 | BTN $0.0001872525 | LGP $0.0001869189 | EGP $0.0001853528
[7:03:03 PM] High: DDD $0.0004644677 | Low: EGP $0.0001853528 | Spread: 150.59%
[7:03:03 PM] Selling 10,000 DDD for EGP
[7:03:08 PM] Swapped V3 direct DDD->EGP | gas 113034
[7:03:08 PM] Total tokens: 1,012,736 / 1,000,000
[7:03:08 PM] Skimming 12736 EGP to owner 0x0780b145...
[7:03:13 PM] Sent | tx: 0x667a9ce9e85bd70a3eff55605268f1e518f3d563d261bdf9898fbc335628ed33
[7:03:13 PM] [34/34 swaps] Next in 120s
[7:05:14 PM] No price: OGC (LPs drained)
[7:05:14 PM] Prices: DDD $0.0004644677 | PKT $0.0002592898 | IGS $0.0001892114 | EGP $0.0001880673 | DHG $0.0001878563 | BTN $0.0001872525 | LGP $0.0001869189
[7:05:14 PM] High: DDD $0.0004644677 | Low: LGP $0.0001869189 | Spread: 148.49%
[7:05:14 PM] Selling 10,000 DDD for LGP
[7:05:19 PM] Swapped V3 direct DDD->LGP | gas 113048
[7:05:19 PM] Total tokens: 1,013,114 / 1,000,000
[7:05:19 PM] Skimming 13114 LGP to owner 0x0780b145...
[7:05:23 PM] Sent | tx: 0x8e2a93f2ed716763493ef7c09723179efad54539b45ee7269d2ffeac72f8ddcb
[7:05:23 PM] [35/35 swaps] Next in 120s
[7:07:24 PM] No price: OGC (LPs drained)
[7:07:24 PM] Prices: DDD $0.0004627784 | PKT $0.0002592898 | IGS $0.0001892114 | EGP $0.0001880673 | DHG $0.0001878563 | BTN $0.0001872525 | LGP $0.0001869189
[7:07:24 PM] High: DDD $0.0004627784 | Low: LGP $0.0001869189 | Spread: 147.58%
[7:07:24 PM] Selling 10,000 DDD for LGP
[7:07:29 PM] Swapped V3 direct DDD->LGP | gas 113036
[7:07:29 PM] Total tokens: 1,012,727 / 1,000,000
[7:07:29 PM] Skimming 12727 LGP to owner 0x0780b145...
[7:07:34 PM] Sent | tx: 0x54f438ec96e8428262045a749fd57b266ec644c7fb41a231b5ae690f14cb9022
[7:07:34 PM] [36/36 swaps] Next in 120s
[7:09:34 PM] No price: OGC (LPs drained)
[7:09:34 PM] Prices: DDD $0.0004610888 | PKT $0.0002592898 | IGS $0.0001892114 | EGP $0.0001880673 | DHG $0.0001880247 | BTN $0.0001872525 | LGP $0.0001869189
[7:09:34 PM] High: DDD $0.0004610888 | Low: LGP $0.0001869189 | Spread: 146.68%
[7:09:34 PM] Selling 10,000 DDD for LGP
[7:09:39 PM] Swapped V3 direct DDD->LGP | gas 113034
[7:09:39 PM] Total tokens: 1,012,627 / 1,000,000
[7:09:39 PM] Skimming 12627 LGP to owner 0x0780b145...
[7:09:44 PM] Sent | tx: 0xda23650773931384e0da5c46231391d43be0aa0f30ddd69ec2515ada694ab782
[7:09:44 PM] [37/37 swaps] Next in 120s
[7:11:44 PM] No price: OGC (LPs drained)
[7:11:44 PM] Prices: DDD $0.0004587279 | PKT $0.0002592898 | IGS $0.0001892114 | EGP $0.0001880673 | DHG $0.0001880247 | BTN $0.0001872525 | LGP $0.0001869189
[7:11:44 PM] High: DDD $0.0004587279 | Low: LGP $0.0001869189 | Spread: 145.42%
[7:11:44 PM] Selling 10,000 DDD for LGP
[7:11:49 PM] Swapped V3 direct DDD->LGP | gas 112990
[7:11:49 PM] Total tokens: 1,012,370 / 1,000,000
[7:11:49 PM] Skimming 12370 LGP to owner 0x0780b145...
[7:11:54 PM] Sent | tx: 0x0df4de23ae0ad3b8005087c6ddd4499c3c0f950fb0e1a7a57b28869caf64942d
[7:11:54 PM] [38/38 swaps] Next in 120s
[7:13:55 PM] No price: OGC (LPs drained)
[7:13:55 PM] Prices: DDD $0.0004574879 | PKT $0.0002592898 | IGS $0.0001892114 | EGP $0.0001880673 | DHG $0.0001880247 | LGP $0.0001880163 | BTN $0.0001872525
[7:13:55 PM] High: DDD $0.0004574879 | Low: BTN $0.0001872525 | Spread: 144.32%
[7:13:55 PM] Selling 10,000 DDD for BTN
[7:14:01 PM] Swapped V3 direct DDD->BTN | gas 112279
[7:14:02 PM] Total tokens: 1,012,934 / 1,000,000
[7:14:02 PM] Skimming 12934 BTN to owner 0x0780b145...
[7:14:08 PM] Sent | tx: 0xb580f55f1900879bd373c1b44ca429a68375d672e9de0b9e4431931344fbf07b
[7:14:08 PM] [39/39 swaps] Next in 120s
[7:16:08 PM] No price: OGC (LPs drained)
[7:16:08 PM] Prices: DDD $0.0004574879 | PKT $0.0002592898 | IGS $0.0001892114 | EGP $0.0001880673 | DHG $0.0001880247 | LGP $0.0001880163 | BTN $0.0001872525
[7:16:08 PM] High: DDD $0.0004574879 | Low: BTN $0.0001872525 | Spread: 144.32%
[7:16:08 PM] Selling 10,000 DDD for BTN
[7:16:22 PM] Swapped V3 direct DDD->BTN | gas 112279
[7:16:22 PM] Total tokens: 1,012,271 / 1,000,000
[7:16:22 PM] Skimming 12271 BTN to owner 0x0780b145...
[7:16:27 PM] Sent | tx: 0x24e8cebc2592f6b75b2ae245ba9b800dc6020511d8b76469ad571b51abe1c5bd
[7:16:27 PM] [40/40 swaps] Next in 120s
[7:18:27 PM] No price: OGC (LPs drained)
[7:18:27 PM] Prices: DDD $0.0004574879 | PKT $0.0002592898 | BTN $0.0001920765 | IGS $0.0001892114 | EGP $0.0001880673 | DHG $0.0001880247 | LGP $0.0001880163
[7:18:27 PM] High: DDD $0.0004574879 | Low: LGP $0.0001880163 | Spread: 143.32%
[7:18:27 PM] Selling 10,000 DDD for LGP
[7:18:32 PM] Swapped V3 direct DDD->LGP | gas 113018
[7:18:32 PM] Total tokens: 1,012,479 / 1,000,000
[7:18:32 PM] Skimming 12479 LGP to owner 0x0780b145...
[7:18:37 PM] Sent | tx: 0xceb8fcd7db1adf57be31b419ff3d258b30bd28317a51c420fa6534e50625ee36
[7:18:37 PM] [41/41 swaps] Next in 120s
[7:20:37 PM] No price: OGC (LPs drained)
[7:20:37 PM] Prices: DDD $0.0004618606 | PKT $0.0002637870 | BTN $0.0001920765 | LGP $0.0001896538 | DHG $0.0001895343 | IGS $0.0001892114 | EGP $0.0001880673
[7:20:37 PM] High: DDD $0.0004618606 | Low: EGP $0.0001880673 | Spread: 145.58%
[7:20:37 PM] Selling 10,000 DDD for EGP
[7:20:42 PM] Swapped V3 direct DDD->EGP | gas 112048
[7:20:42 PM] Total tokens: 1,012,758 / 1,000,000
[7:20:42 PM] Skimming 12758 EGP to owner 0x0780b145...
[7:20:47 PM] Sent | tx: 0x24d6582e0f6bb6aa09125b3ecdc348ce2d5567e1987dd6b0f935ec4e6ab310bb
[7:20:47 PM] [42/42 swaps] Next in 120s
[7:22:47 PM] No price: OGC (LPs drained)
[7:22:47 PM] Prices: DDD $0.0004606574 | PKT $0.0002637870 | BTN $0.0001920765 | LGP $0.0001896538 | DHG $0.0001895343 | IGS $0.0001892114 | EGP $0.0001880673
[7:22:47 PM] High: DDD $0.0004606574 | Low: EGP $0.0001880673 | Spread: 144.94%
[7:22:47 PM] Selling 10,000 DDD for EGP
[7:22:52 PM] Swapped V3 direct DDD->EGP | gas 113058
[7:22:52 PM] Total tokens: 1,012,743 / 1,000,000
[7:22:52 PM] Skimming 12743 EGP to owner 0x0780b145...
[7:22:57 PM] Sent | tx: 0x083693bc02d9dc804351c4638deac6bacf403e42250d6da065a98ffde102c1f8
[7:22:57 PM] [43/43 swaps] Next in 120s
[7:24:57 PM] No price: OGC (LPs drained)
[7:24:57 PM] Prices: DDD $0.0004606574 | PKT $0.0002637870 | BTN $0.0001920765 | LGP $0.0001896538 | DHG $0.0001895343 | IGS $0.0001892114 | EGP $0.0001880673
[7:24:57 PM] High: DDD $0.0004606574 | Low: EGP $0.0001880673 | Spread: 144.94%
[7:24:58 PM] Selling 10,000 DDD for EGP
[7:25:03 PM] Swapped V3 direct DDD->EGP | gas 113000
[7:25:03 PM] Total tokens: 1,012,512 / 1,000,000
[7:25:03 PM] Skimming 12512 EGP to owner 0x0780b145...
[7:25:07 PM] Sent | tx: 0x42a98e23cf49d11d0c76666f5487c0023c525aec240323b82eab762fee0d7d6f
[7:25:07 PM] [44/44 swaps] Next in 120s
[7:27:08 PM] No price: OGC (LPs drained)
[7:27:08 PM] Prices: DDD $0.0004606574 | PKT $0.0002637870 | BTN $0.0001920765 | EGP $0.0001909611 | LGP $0.0001896538 | DHG $0.0001895343 | IGS $0.0001892114
[7:27:08 PM] High: DDD $0.0004606574 | Low: IGS $0.0001892114 | Spread: 143.46%
[7:27:08 PM] Selling 10,000 DDD for IGS
[7:27:13 PM] Swapped V3 direct DDD->IGS | gas 112249
[7:27:13 PM] Total tokens: 1,012,805 / 1,000,000
[7:27:13 PM] Skimming 12805 IGS to owner 0x0780b145...
[7:27:18 PM] Sent | tx: 0xb9aefdd06112af11ce26e26a71ffaa939ccb6372c20e40c95521e7877e4ae85e
[7:27:18 PM] [45/45 swaps] Next in 120s
[7:29:18 PM] No price: OGC (LPs drained)
[7:29:18 PM] Prices: DDD $0.0004606574 | PKT $0.0002637870 | BTN $0.0001920765 | EGP $0.0001909611 | LGP $0.0001896538 | DHG $0.0001895343 | IGS $0.0001892114
[7:29:18 PM] High: DDD $0.0004606574 | Low: IGS $0.0001892114 | Spread: 143.46%
[7:29:18 PM] Selling 10,000 DDD for IGS
[7:29:23 PM] Swapped V3 direct DDD->IGS | gas 112265
[7:29:23 PM] Total tokens: 1,012,462 / 1,000,000
[7:29:23 PM] Skimming 12462 IGS to owner 0x0780b145...
[7:29:28 PM] Sent | tx: 0x761827343b0631c21d2812a33207e8dae11a6d3fe0b83d9adeaa316feb987d3a
[7:29:28 PM] [46/46 swaps] Next in 120s
[7:31:28 PM] No price: OGC (LPs drained)
[7:31:28 PM] Prices: DDD $0.0004606574 | PKT $0.0002637870 | IGS $0.0001936864 | BTN $0.0001920765 | EGP $0.0001909611 | LGP $0.0001896538 | DHG $0.0001895343
[7:31:28 PM] High: DDD $0.0004606574 | Low: DHG $0.0001895343 | Spread: 143.05%
[7:31:28 PM] Selling 10,000 DDD for DHG
[7:31:33 PM] Swapped V3 direct DDD->DHG | gas 112261
[7:31:33 PM] Total tokens: 1,012,600 / 1,000,000
[7:31:33 PM] Skimming 12600 DHG to owner 0x0780b145...
[7:31:38 PM] Sent | tx: 0x9f7c7d0e221fc9eab92b2184118497269ace9b5719cbca29da933240372bdff7
[7:31:38 PM] [47/47 swaps] Next in 120s
[7:33:39 PM] No price: OGC (LPs drained)
[7:33:39 PM] Prices: DDD $0.0004606574 | PKT $0.0002637870 | IGS $0.0001936864 | DHG $0.0001926781 | BTN $0.0001920765 | EGP $0.0001909611 | LGP $0.0001896538
[7:33:39 PM] High: DDD $0.0004606574 | Low: LGP $0.0001896538 | Spread: 142.89%
[7:33:39 PM] Selling 10,000 DDD for LGP
[7:33:44 PM] Swapped V3 direct DDD->LGP | gas 113018
[7:33:44 PM] Total tokens: 1,012,452 / 1,000,000
[7:33:44 PM] Skimming 12452 LGP to owner 0x0780b145...
[7:33:49 PM] Sent | tx: 0xc0016e930f0c6ecae670a4c3efae6a29a7d19bc7870140218bcae20fbf4ea515
[7:33:49 PM] [48/48 swaps] Next in 120s
[7:35:49 PM] No price: OGC (LPs drained)
[7:35:49 PM] Prices: DDD $0.0004606574 | PKT $0.0002637870 | IGS $0.0001936864 | DHG $0.0001926781 | BTN $0.0001920765 | EGP $0.0001909611 | LGP $0.0001896538
[7:35:49 PM] High: DDD $0.0004606574 | Low: LGP $0.0001896538 | Spread: 142.89%
[7:35:49 PM] Selling 10,000 DDD for LGP
[7:35:54 PM] Swapped V3 direct DDD->LGP | gas 113008
[7:35:55 PM] Total tokens: 1,011,899 / 1,000,000
[7:35:55 PM] Skimming 11899 LGP to owner 0x0780b145...
[7:35:59 PM] Sent | tx: 0xe17e40dad5927458db9e4a9bfb86ef79215bdaa2e64fa500f9d0f100c20f879d
[7:35:59 PM] [49/49 swaps] Next in 120s
[7:38:00 PM] No price: OGC (LPs drained)
[7:38:00 PM] Prices: DDD $0.0004606574 | PKT $0.0002637870 | LGP $0.0001945026 | IGS $0.0001936864 | DHG $0.0001926781 | BTN $0.0001920765 | EGP $0.0001909611
[7:38:00 PM] High: DDD $0.0004606574 | Low: EGP $0.0001909611 | Spread: 141.23%
[7:38:00 PM] Selling 10,000 DDD for EGP
[7:38:05 PM] Swapped V3 direct DDD->EGP | gas 113056
[7:38:05 PM] Total tokens: 1,012,713 / 1,000,000
[7:38:05 PM] Skimming 12713 EGP to owner 0x0780b145...
[7:38:10 PM] Sent | tx: 0xdd6b0dcef5f47da5d4dc282e6979139b018cac6727bbaa3d7462cab4e8afb4fa
[7:38:10 PM] [50/50 swaps] Next in 120s
[7:40:10 PM] No price: OGC (LPs drained)
[7:40:10 PM] Prices: DDD $0.0004606574 | PKT $0.0002637870 | LGP $0.0001945026 | IGS $0.0001936864 | DHG $0.0001926781 | BTN $0.0001920765 | EGP $0.0001909611
[7:40:10 PM] High: DDD $0.0004606574 | Low: EGP $0.0001909611 | Spread: 141.23%
[7:40:11 PM] Selling 10,000 DDD for EGP
[7:40:16 PM] Swapped V3 direct DDD->EGP | gas 113016
[7:40:16 PM] Total tokens: 1,012,790 / 1,000,000
[7:40:16 PM] Skimming 12790 EGP to owner 0x0780b145...
[7:40:21 PM] Sent | tx: 0xf4682b2ed9f62bd713d9ca5739ee856df7e0ca43d88ce6c6bc562c1368bc2200
[7:40:21 PM] [51/51 swaps] Next in 120s
[7:42:21 PM] No price: OGC (LPs drained)
[7:42:21 PM] Prices: DDD $0.0004606574 | PKT $0.0002637870 | LGP $0.0001945026 | IGS $0.0001936864 | DHG $0.0001926781 | BTN $0.0001920765 | EGP $0.0001909611
[7:42:21 PM] High: DDD $0.0004606574 | Low: EGP $0.0001909611 | Spread: 141.23%
[7:42:21 PM] Selling 10,000 DDD for EGP
[7:42:26 PM] Swapped V3 direct DDD->EGP | gas 113060
[7:42:26 PM] Total tokens: 1,012,197 / 1,000,000
[7:42:26 PM] Skimming 12197 EGP to owner 0x0780b145...
[7:42:31 PM] Sent | tx: 0x147717819c17938cf7e7bb708ef1a32fab566a2971c50cdffb3a72b3d942d716
[7:42:31 PM] [52/52 swaps] Next in 120s
[7:44:31 PM] No price: OGC (LPs drained)
[7:44:31 PM] Prices: DDD $0.0004589432 | PKT $0.0002637870 | LGP $0.0001945026 | IGS $0.0001936864 | DHG $0.0001926781 | BTN $0.0001920765 | EGP $0.0001909611
[7:44:31 PM] High: DDD $0.0004589432 | Low: EGP $0.0001909611 | Spread: 140.33%
[7:44:31 PM] Selling 10,000 DDD for EGP
[7:44:36 PM] Swapped V3 direct DDD->EGP | gas 112048
[7:44:36 PM] Total tokens: 1,011,876 / 1,000,000
[7:44:36 PM] Skimming 11876 EGP to owner 0x0780b145...
[7:44:41 PM] Sent | tx: 0x84cfde59958379004b04304370120f0349bd9bb88bd391801273753c7e150bee
[7:44:41 PM] [53/53 swaps] Next in 120s
[7:46:42 PM] No price: OGC (LPs drained)
[7:46:42 PM] Prices: DDD $0.0004589432 | PKT $0.0002637870 | LGP $0.0001945026 | IGS $0.0001936864 | DHG $0.0001926781 | EGP $0.0001925899 | BTN $0.0001920765
[7:46:42 PM] High: DDD $0.0004589432 | Low: BTN $0.0001920765 | Spread: 138.94%
[7:46:42 PM] Selling 10,000 DDD for BTN
[7:46:47 PM] Swapped V3 direct DDD->BTN | gas 112221
[7:46:47 PM] Total tokens: 1,012,109 / 1,000,000
[7:46:47 PM] Skimming 12109 BTN to owner 0x0780b145...
[7:46:51 PM] Sent | tx: 0xdaacea47d280cf2cf5c743df8be2a1b885acfe9a5443595a0932b7790228b8c8
[7:46:51 PM] [54/54 swaps] Next in 120s
[7:48:52 PM] No price: OGC (LPs drained)
[7:48:52 PM] Prices: DDD $0.0004589432 | PKT $0.0002637870 | LGP $0.0001945026 | IGS $0.0001936864 | DHG $0.0001926781 | EGP $0.0001925899 | BTN $0.0001920765
[7:48:52 PM] High: DDD $0.0004589432 | Low: BTN $0.0001920765 | Spread: 138.94%
[7:48:52 PM] Selling 10,000 DDD for BTN
[7:48:57 PM] Swapped V3 direct DDD->BTN | gas 112279
[7:48:57 PM] Total tokens: 1,011,377 / 1,000,000
[7:48:57 PM] Skimming 11377 BTN to owner 0x0780b145...
[7:49:02 PM] Sent | tx: 0x1987464dc9bb1d1fe83f71090717449656e2e25977ca4f589fa001cc71b981e0
[7:49:02 PM] [55/55 swaps] Next in 120s
[7:51:03 PM] No price: OGC (LPs drained)
[7:51:03 PM] Prices: DDD $0.0004589432 | PKT $0.0002637870 | BTN $0.0002006059 | LGP $0.0001945026 | IGS $0.0001936864 | DHG $0.0001926781 | EGP $0.0001925899
[7:51:03 PM] High: DDD $0.0004589432 | Low: EGP $0.0001925899 | Spread: 138.30%
[7:51:03 PM] Selling 10,000 DDD for EGP
[7:51:08 PM] Swapped V3 direct DDD->EGP | gas 113014
[7:51:08 PM] Total tokens: 1,012,587 / 1,000,000
[7:51:08 PM] Skimming 12587 EGP to owner 0x0780b145...
[7:51:13 PM] Sent | tx: 0x8a3fcad0205a04f79bb6e6f7f6704322d23c64315ced2f3071b70423df173b25
[7:51:13 PM] [56/56 swaps] Next in 120s
[7:53:13 PM] No price: OGC (LPs drained)
[7:53:13 PM] Prices: DDD $0.0004579715 | PKT $0.0002637870 | BTN $0.0002006059 | LGP $0.0001945026 | IGS $0.0001936864 | DHG $0.0001926781 | EGP $0.0001925899
[7:53:13 PM] High: DDD $0.0004579715 | Low: EGP $0.0001925899 | Spread: 137.80%
[7:53:13 PM] Selling 10,000 DDD for EGP
[7:53:18 PM] Swapped V3 direct DDD->EGP | gas 113044
[7:53:18 PM] Total tokens: 1,011,841 / 1,000,000
[7:53:18 PM] Skimming 11841 EGP to owner 0x0780b145...
[7:53:23 PM] Sent | tx: 0x83076c0cb779c078bb758e9e8d7c6854e1d8a46c3710caf9739c79be334cfa75
[7:53:23 PM] [57/57 swaps] Next in 120s
[7:55:23 PM] No price: OGC (LPs drained)
[7:55:23 PM] Prices: DDD $0.0004558573 | PKT $0.0002637870 | BTN $0.0002006059 | LGP $0.0001945026 | IGS $0.0001936864 | DHG $0.0001926781 | EGP $0.0001925899
[7:55:23 PM] High: DDD $0.0004558573 | Low: EGP $0.0001925899 | Spread: 136.70%
[7:55:24 PM] Selling 10,000 DDD for EGP
[7:55:29 PM] Swapped V3 direct DDD->EGP | gas 109158
[7:55:29 PM] Total tokens: 1,012,383 / 1,000,000
[7:55:29 PM] Skimming 12383 EGP to owner 0x0780b145...
[7:55:34 PM] Sent | tx: 0xf3557f83f667e179924fcf03e8e95ad3c896c54d85dfd002d910cedcc85b622e
[7:55:34 PM] [58/58 swaps] Next in 120s
[7:57:34 PM] No price: OGC (LPs drained)
[7:57:34 PM] Prices: DDD $0.0004558573 | PKT $0.0002637870 | BTN $0.0002006059 | LGP $0.0001945026 | IGS $0.0001936864 | DHG $0.0001926781 | EGP $0.0001913462
[7:57:34 PM] High: DDD $0.0004558573 | Low: EGP $0.0001913462 | Spread: 138.24%
[7:57:34 PM] Selling 10,000 DDD for EGP
[7:57:39 PM] Swapped V3 direct DDD->EGP | gas 113014
[7:57:39 PM] Total tokens: 1,011,924 / 1,000,000
[7:57:39 PM] Skimming 11924 EGP to owner 0x0780b145...
[7:57:44 PM] Sent | tx: 0xa5efc5d16121274ae6d41406f73c1b73c7f075fe865dcb05ebb8cb2bd7ede435
[7:57:44 PM] [59/59 swaps] Next in 120s
[7:59:44 PM] No price: OGC (LPs drained)
[7:59:44 PM] Prices: DDD $0.0004558573 | PKT $0.0002637870 | BTN $0.0002006059 | LGP $0.0001945026 | IGS $0.0001936864 | EGP $0.0001930075 | DHG $0.0001926781
[7:59:44 PM] High: DDD $0.0004558573 | Low: DHG $0.0001926781 | Spread: 136.59%
[7:59:45 PM] Selling 10,000 DDD for DHG
[7:59:49 PM] Swapped V3 direct DDD->DHG | gas 112259
[7:59:50 PM] Total tokens: 1,012,140 / 1,000,000
[7:59:50 PM] Skimming 12140 DHG to owner 0x0780b145...
[7:59:54 PM] Sent | tx: 0x564014d09436e779cb6f42ed4422befc42a948d728063e9d9ac79db179e9919c
[7:59:54 PM] [60/60 swaps] Next in 120s
[8:01:55 PM] No price: OGC (LPs drained)
[8:01:55 PM] Prices: DDD $0.0004558573 | PKT $0.0002637870 | BTN $0.0002006059 | DHG $0.0001963474 | LGP $0.0001945026 | IGS $0.0001936864 | EGP $0.0001912961
[8:01:55 PM] High: DDD $0.0004558573 | Low: EGP $0.0001912961 | Spread: 138.30%
[8:01:55 PM] Selling 10,000 DDD for EGP
[8:02:00 PM] Swapped V3 direct DDD->EGP | gas 113014
[8:02:00 PM] Total tokens: 1,012,411 / 1,000,000
[8:02:00 PM] Skimming 12411 EGP to owner 0x0780b145...
[8:02:05 PM] Sent | tx: 0x47902afbb089535d1af3df48b688c85f72a81b65763f9080de863220cd7cfa14
[8:02:05 PM] [61/61 swaps] Next in 120s
[8:04:05 PM] No price: OGC (LPs drained)
[8:04:05 PM] Prices: DDD $0.0004558573 | PKT $0.0002637870 | BTN $0.0002006059 | DHG $0.0001963474 | LGP $0.0001945026 | EGP $0.0001937774 | IGS $0.0001936864
[8:04:05 PM] High: DDD $0.0004558573 | Low: IGS $0.0001936864 | Spread: 135.36%
[8:04:05 PM] Selling 10,000 DDD for IGS
[8:04:10 PM] Swapped V3 direct DDD->IGS | gas 111291
[8:04:10 PM] Total tokens: 1,012,562 / 1,000,000
[8:04:10 PM] Skimming 12562 IGS to owner 0x0780b145...
[8:04:15 PM] Sent | tx: 0xf86f9751f1b79f131cf98c863fbbad9e6c30ff45292e1c7246172c0e68acfc87
[8:04:15 PM] [62/62 swaps] Next in 120s
[8:06:16 PM] No price: OGC (LPs drained)
[8:06:16 PM] Prices: DDD $0.0004558573 | PKT $0.0002637870 | BTN $0.0002006059 | DHG $0.0001963474 | LGP $0.0001945026 | EGP $0.0001937774 | IGS $0.0001936864
[8:06:16 PM] High: DDD $0.0004558573 | Low: IGS $0.0001936864 | Spread: 135.36%
[8:06:16 PM] Selling 10,000 DDD for IGS
[8:06:21 PM] Swapped V3 direct DDD->IGS | gas 108417
[8:06:21 PM] Total tokens: 1,012,023 / 1,000,000
[8:06:21 PM] Skimming 12023 IGS to owner 0x0780b145...
[8:06:26 PM] Sent | tx: 0x4cb83f5dd859666281d9dc47c17805e1097e010b1b9a65ba3aed8157a9102d9f
[8:06:26 PM] [63/63 swaps] Next in 120s
[8:08:26 PM] No price: OGC (LPs drained)
[8:08:26 PM] Prices: DDD $0.0004558573 | PKT $0.0002637870 | BTN $0.0002006059 | DHG $0.0001963474 | LGP $0.0001945026 | EGP $0.0001937774 | IGS $0.0001936864
[8:08:26 PM] High: DDD $0.0004558573 | Low: IGS $0.0001936864 | Spread: 135.36%
[8:08:26 PM] Selling 10,000 DDD for IGS
[8:08:32 PM] Swapped V3 direct DDD->IGS | gas 112221
[8:08:32 PM] Total tokens: 1,012,008 / 1,000,000
[8:08:32 PM] Skimming 12008 IGS to owner 0x0780b145...
[8:08:37 PM] Sent | tx: 0x39318eeb7756bcc5546ff2e39e56f1cb33f87b8a7849abad7e550a9fa49858f4
[8:08:37 PM] [64/64 swaps] Next in 120s
[8:10:38 PM] No price: OGC (LPs drained)
[8:10:38 PM] Prices: DDD $0.0004558573 | PKT $0.0002637870 | BTN $0.0002006059 | DHG $0.0001963474 | LGP $0.0001945026 | EGP $0.0001937774 | IGS $0.0001936864
[8:10:38 PM] High: DDD $0.0004558573 | Low: IGS $0.0001936864 | Spread: 135.36%
[8:10:38 PM] Selling 10,000 DDD for IGS
[8:10:43 PM] Swapped V3 direct DDD->IGS | gas 112263
[8:10:43 PM] Total tokens: 1,011,787 / 1,000,000
[8:10:43 PM] Skimming 11787 IGS to owner 0x0780b145...
[8:10:48 PM] Sent | tx: 0x581c813db797f93ff9800d7d458d910127277ec7f108b549441ea7c22e7de985
[8:10:48 PM] [65/65 swaps] Next in 120s
[8:12:48 PM] No price: OGC (LPs drained)
[8:12:48 PM] Prices: DDD $0.0004558573 | PKT $0.0002637870 | BTN $0.0002006059 | DHG $0.0001963474 | LGP $0.0001945026 | IGS $0.0001936864 | EGP $0.0001920739
[8:12:48 PM] High: DDD $0.0004558573 | Low: EGP $0.0001920739 | Spread: 137.33%
[8:12:48 PM] Selling 10,000 DDD for EGP
[8:12:53 PM] Swapped V3 direct DDD->EGP | gas 113004
[8:12:53 PM] Total tokens: 1,012,263 / 1,000,000
[8:12:53 PM] Skimming 12263 EGP to owner 0x0780b145...
[8:12:58 PM] Sent | tx: 0x49a84b39b5caf44adbff77066ad9835c5df56d3189bf8e041243ffaef35fce93
[8:12:58 PM] [66/66 swaps] Next in 120s
[8:14:58 PM] No price: OGC (LPs drained)
[8:14:58 PM] Prices: DDD $0.0004558573 | PKT $0.0002637870 | BTN $0.0001974576 | DHG $0.0001963474 | LGP $0.0001945026 | IGS $0.0001936864 | EGP $0.0001924560
[8:14:58 PM] High: DDD $0.0004558573 | Low: EGP $0.0001924560 | Spread: 136.86%
[8:14:59 PM] Selling 10,000 DDD for EGP
[8:15:20 PM] Swapped V3 direct DDD->EGP | gas 113018
[8:15:20 PM] Total tokens: 1,011,988 / 1,000,000
[8:15:20 PM] Skimming 11988 EGP to owner 0x0780b145...
[8:15:25 PM] Sent | tx: 0x139416b86d26f4d435637f209d5bb6062f767ffe49c9aed63d578a9170c647f8
[8:15:25 PM] [67/67 swaps] Next in 120s
[8:17:25 PM] No price: OGC (LPs drained)
[8:17:25 PM] Prices: DDD $0.0004546648 | PKT $0.0002637870 | BTN $0.0001974576 | DHG $0.0001963474 | LGP $0.0001945026 | IGS $0.0001936864 | EGP $0.0001916809
[8:17:25 PM] High: DDD $0.0004546648 | Low: EGP $0.0001916809 | Spread: 137.20%
[8:17:25 PM] Selling 10,000 DDD for EGP
[8:17:30 PM] Swapped V3 direct DDD->EGP | gas 113030
[8:17:30 PM] Total tokens: 1,012,328 / 1,000,000
[8:17:30 PM] Skimming 12328 EGP to owner 0x0780b145...
[8:17:35 PM] Sent | tx: 0x4adf88de0ebcbab812efb09f1ca3e126fe4e7bf5be2ea0eafa6151f1f4c5c0a9
[8:17:35 PM] [68/68 swaps] Next in 120s
[8:19:36 PM] No price: OGC (LPs drained)
[8:19:36 PM] Prices: DDD $0.0004546648 | PKT $0.0002637870 | BTN $0.0001974576 | DHG $0.0001963474 | LGP $0.0001945026 | EGP $0.0001938053 | IGS $0.0001936864
[8:19:36 PM] High: DDD $0.0004546648 | Low: IGS $0.0001936864 | Spread: 134.74%
[8:19:36 PM] Selling 10,000 DDD for IGS
[8:19:41 PM] Swapped V3 direct DDD->IGS | gas 112237
[8:19:41 PM] Total tokens: 1,012,005 / 1,000,000
[8:19:41 PM] Skimming 12005 IGS to owner 0x0780b145...
[8:19:48 PM] Sent | tx: 0xe9c4a5ed01bdcd327a8fb36037a69926c7977f1bbca61ff1572acda0220e16e5
[8:19:48 PM] [69/69 swaps] Next in 120s
[8:21:48 PM] No price: OGC (LPs drained)
[8:21:48 PM] Prices: DDD $0.0004546648 | PKT $0.0002637870 | BTN $0.0001974576 | DHG $0.0001963474 | LGP $0.0001945026 | EGP $0.0001938053 | IGS $0.0001936864
[8:21:48 PM] High: DDD $0.0004546648 | Low: IGS $0.0001936864 | Spread: 134.74%
[8:21:48 PM] Selling 10,000 DDD for IGS
[8:21:53 PM] Swapped V3 direct DDD->IGS | gas 112265
[8:21:53 PM] Total tokens: 1,011,706 / 1,000,000
[8:21:53 PM] Skimming 11706 IGS to owner 0x0780b145...
[8:21:58 PM] Sent | tx: 0x555fc787859c7f39785ccdd0c6b383bfea06737e967490ea631edd3a36da1656
[8:21:58 PM] [70/70 swaps] Next in 120s
[8:23:59 PM] No price: OGC (LPs drained)
[8:23:59 PM] Prices: DDD $0.0004546648 | PKT $0.0002637870 | IGS $0.0002005606 | BTN $0.0001974576 | DHG $0.0001963474 | LGP $0.0001945026 | EGP $0.0001938053
[8:23:59 PM] High: DDD $0.0004546648 | Low: EGP $0.0001938053 | Spread: 134.60%
[8:23:59 PM] Selling 10,000 DDD for EGP
[8:24:04 PM] Swapped V3 direct DDD->EGP | gas 113058
[8:24:04 PM] Total tokens: 1,011,994 / 1,000,000
[8:24:04 PM] Skimming 11994 EGP to owner 0x0780b145...
[8:24:09 PM] Sent | tx: 0x248b23fbf8c84cf3193ed4835e4de3e2f51f7785a4e528f7d0e4ce5bcbe8532c
[8:24:09 PM] [71/71 swaps] Next in 120s
[8:26:09 PM] No price: OGC (LPs drained)
[8:26:09 PM] Prices: DDD $0.0004546648 | PKT $0.0002637870 | IGS $0.0002005606 | BTN $0.0001974576 | DHG $0.0001963474 | LGP $0.0001945026 | EGP $0.0001938053
[8:26:09 PM] High: DDD $0.0004546648 | Low: EGP $0.0001938053 | Spread: 134.60%
[8:26:09 PM] Selling 10,000 DDD for EGP
[8:26:14 PM] Swapped V3 direct DDD->EGP | gas 113030
[8:26:14 PM] Total tokens: 1,011,833 / 1,000,000
[8:26:14 PM] Skimming 11833 EGP to owner 0x0780b145...
[8:26:19 PM] Sent | tx: 0x0cd6829194c3b0c6a04946e94136623521295d1116adcaf8f79114138425cdce
[8:26:19 PM] [72/72 swaps] Next in 120s
[8:28:20 PM] No price: OGC (LPs drained)
[8:28:20 PM] Prices: DDD $0.0004525653 | PKT $0.0002637870 | DHG $0.0001963474 | BTN $0.0001954803 | LGP $0.0001945026 | EGP $0.0001938053 | IGS $0.0001905127
[8:28:20 PM] High: DDD $0.0004525653 | Low: IGS $0.0001905127 | Spread: 137.55%
[8:28:20 PM] Selling 10,000 DDD for IGS
[8:28:25 PM] Swapped V3 direct DDD->IGS | gas 112265
[8:28:25 PM] Total tokens: 1,012,792 / 1,000,000
[8:28:25 PM] Skimming 12792 IGS to owner 0x0780b145...
[8:28:30 PM] Sent | tx: 0x6692e8abf84a4107e7b93c1b2745653b140effccf51de23d7dc20f6294acee1e
[8:28:30 PM] [73/73 swaps] Next in 120s
[8:30:30 PM] No price: OGC (LPs drained)
[8:30:30 PM] Prices: DDD $0.0004519864 | PKT $0.0002637870 | DHG $0.0001963474 | BTN $0.0001954803 | LGP $0.0001945026 | EGP $0.0001928607 | IGS $0.0001905127
[8:30:30 PM] High: DDD $0.0004519864 | Low: IGS $0.0001905127 | Spread: 137.25%
[8:30:30 PM] Selling 10,000 DDD for IGS
[8:30:35 PM] Swapped V3 direct DDD->IGS | gas 112277
[8:30:35 PM] Total tokens: 1,012,639 / 1,000,000
[8:30:35 PM] Skimming 12639 IGS to owner 0x0780b145...
[8:30:40 PM] Sent | tx: 0x7fa36605ca81b0ee9b06679be27168a3c8130e010d66d86e5b558034ed8200e8
[8:30:40 PM] [74/74 swaps] Next in 120s
[8:32:41 PM] No price: OGC (LPs drained)
[8:32:41 PM] Prices: DDD $0.0004513097 | PKT $0.0002637870 | DHG $0.0001963474 | BTN $0.0001954803 | LGP $0.0001945026 | EGP $0.0001928607 | IGS $0.0001905127
[8:32:41 PM] High: DDD $0.0004513097 | Low: IGS $0.0001905127 | Spread: 136.89%
[8:32:41 PM] Selling 10,000 DDD for IGS
[8:32:46 PM] Swapped V3 direct DDD->IGS | gas 112265
[8:32:46 PM] Total tokens: 1,012,318 / 1,000,000
[8:32:46 PM] Skimming 12318 IGS to owner 0x0780b145...
[8:32:50 PM] Sent | tx: 0xceac9449c180429f63695ab39f0981855059f5e35fa4c5160c2157426d7aea7f
[8:32:50 PM] [75/75 swaps] Next in 120s
[8:34:51 PM] No price: OGC (LPs drained)
[8:34:51 PM] Prices: DDD $0.0004513097 | PKT $0.0002637870 | DHG $0.0001963474 | BTN $0.0001954803 | LGP $0.0001945026 | EGP $0.0001928607 | IGS $0.0001905127
[8:34:51 PM] High: DDD $0.0004513097 | Low: IGS $0.0001905127 | Spread: 136.89%
[8:34:51 PM] Selling 10,000 DDD for IGS
[8:35:16 PM] Swapped V3 direct DDD->IGS | gas 112287
[8:35:16 PM] Total tokens: 1,012,024 / 1,000,000
[8:35:16 PM] Skimming 12024 IGS to owner 0x0780b145...
[8:35:21 PM] Sent | tx: 0xea9a3bb1b37493277b1221202c193def1145b950dd00a807f37d473c58077d26
[8:35:21 PM] [76/76 swaps] Next in 120s
[8:37:21 PM] No price: OGC (LPs drained)
[8:37:21 PM] Prices: DDD $0.0004513097 | PKT $0.0002637870 | DHG $0.0001963474 | BTN $0.0001954803 | LGP $0.0001945026 | EGP $0.0001928607 | IGS $0.0001905127
[8:37:21 PM] High: DDD $0.0004513097 | Low: IGS $0.0001905127 | Spread: 136.89%
[8:37:22 PM] Selling 10,000 DDD for IGS
[8:37:27 PM] Swapped V3 direct DDD->IGS | gas 112249
[8:37:27 PM] Total tokens: 1,011,826 / 1,000,000
[8:37:27 PM] Skimming 11826 IGS to owner 0x0780b145...
[8:37:31 PM] Sent | tx: 0xe5729694459d803ca013c136250062695259a94c763294ba1e8edcb959be40d1
[8:37:31 PM] [77/77 swaps] Next in 120s
[8:39:32 PM] No price: OGC (LPs drained)
[8:39:32 PM] Prices: DDD $0.0004513097 | PKT $0.0002637870 | DHG $0.0001963474 | BTN $0.0001954803 | LGP $0.0001945026 | EGP $0.0001928607 | IGS $0.0001905127
[8:39:32 PM] High: DDD $0.0004513097 | Low: IGS $0.0001905127 | Spread: 136.89%
[8:39:32 PM] Selling 10,000 DDD for IGS
[8:39:38 PM] Swapped V3 direct DDD->IGS | gas 112265
[8:39:38 PM] Total tokens: 1,011,782 / 1,000,000
[8:39:38 PM] Skimming 11782 IGS to owner 0x0780b145...
[8:39:43 PM] Sent | tx: 0x50ea0e9149d701618a2f8a857bac1a533fa582967eb0ea550fb654083c74e2df
[8:39:43 PM] [78/78 swaps] Next in 120s
[8:41:44 PM] No price: OGC (LPs drained)
[8:41:44 PM] Prices: DDD $0.0004502355 | PKT $0.0002637870 | DHG $0.0001963474 | BTN $0.0001954803 | IGS $0.0001947814 | EGP $0.0001928607 | LGP $0.0001911731
[8:41:44 PM] High: DDD $0.0004502355 | Low: LGP $0.0001911731 | Spread: 135.51%
[8:41:44 PM] Selling 10,000 DDD for LGP
[8:41:49 PM] Swapped V3 direct DDD->LGP | gas 112964
[8:41:49 PM] Total tokens: 1,012,753 / 1,000,000
[8:41:49 PM] Skimming 12753 LGP to owner 0x0780b145...
[8:41:54 PM] Sent | tx: 0x11c06f2e0e8a3da94700be5f3dee95d90cfab1178d9c91e0d81b6f8853efb361
[8:41:54 PM] [79/79 swaps] Next in 120s
[8:43:54 PM] No price: OGC (LPs drained)
[8:43:54 PM] Prices: DDD $0.0004502355 | PKT $0.0002637870 | DHG $0.0001963474 | BTN $0.0001954803 | IGS $0.0001947814 | EGP $0.0001928607 | LGP $0.0001911731
[8:43:54 PM] High: DDD $0.0004502355 | Low: LGP $0.0001911731 | Spread: 135.51%
[8:43:54 PM] Selling 10,000 DDD for LGP
[8:44:00 PM] Swapped V3 direct DDD->LGP | gas 113034
[8:44:00 PM] Total tokens: 1,012,292 / 1,000,000
[8:44:00 PM] Skimming 12292 LGP to owner 0x0780b145...
[8:44:06 PM] Sent | tx: 0xbc5e90fe5bf0b5b27630ba7614be370fd52b1c233e9aa0dcdbe31ce6f57ee48a
[8:44:06 PM] [80/80 swaps] Next in 120s
[8:46:06 PM] No price: OGC (LPs drained)
[8:46:06 PM] Prices: DDD $0.0004489738 | PKT $0.0002637870 | DHG $0.0001963474 | BTN $0.0001954803 | IGS $0.0001947814 | EGP $0.0001920018 | LGP $0.0001911731
[8:46:06 PM] High: DDD $0.0004489738 | Low: LGP $0.0001911731 | Spread: 134.85%
[8:46:06 PM] Selling 10,000 DDD for LGP
[8:46:12 PM] Swapped V3 direct DDD->LGP | gas 112036
[8:46:12 PM] Total tokens: 1,012,291 / 1,000,000
[8:46:12 PM] Skimming 12291 LGP to owner 0x0780b145...
[8:46:18 PM] Sent | tx: 0x5119cd72c99d1282bc80aa3b68d7d6723149630477b05470db8d6abc48bc0b8a
[8:46:18 PM] [81/81 swaps] Next in 120s
[8:48:20 PM] No price: OGC (LPs drained)
[8:48:20 PM] Prices: DDD $0.0004489738 | PKT $0.0002637870 | DHG $0.0001963474 | BTN $0.0001954803 | IGS $0.0001947814 | EGP $0.0001920018 | LGP $0.0001911731
[8:48:20 PM] High: DDD $0.0004489738 | Low: LGP $0.0001911731 | Spread: 134.85%
[8:48:20 PM] Selling 10,000 DDD for LGP
[8:48:26 PM] Swapped V3 direct DDD->LGP | gas 113064
[8:48:26 PM] Total tokens: 1,011,969 / 1,000,000
[8:48:26 PM] Skimming 11969 LGP to owner 0x0780b145...
[8:48:32 PM] Sent | tx: 0x7635451667b5a41b4f8c6a65dbbaf457a22a3e06f9ef3ca430aba76b58f472c9
[8:48:32 PM] [82/82 swaps] Next in 120s
[8:50:32 PM] No price: OGC (LPs drained)
[8:50:32 PM] Prices: DDD $0.0004489738 | PKT $0.0002637870 | DHG $0.0001963474 | LGP $0.0001955428 | BTN $0.0001954803 | IGS $0.0001947814 | EGP $0.0001920018
[8:50:32 PM] High: DDD $0.0004489738 | Low: EGP $0.0001920018 | Spread: 133.84%
[8:50:32 PM] Selling 10,000 DDD for EGP
[8:50:38 PM] Swapped V3 direct DDD->EGP | gas 113020
[8:50:38 PM] Total tokens: 1,012,473 / 1,000,000
[8:50:38 PM] Skimming 12473 EGP to owner 0x0780b145...
[8:50:43 PM] Sent | tx: 0xa3c82947160e9404a052d3558401f96ad682e5629197bea6f2042c96aa426e07
[8:50:43 PM] [83/83 swaps] Next in 120s
[8:52:44 PM] No price: OGC (LPs drained)
[8:52:44 PM] Prices: DDD $0.0004473394 | PKT $0.0002637870 | DHG $0.0001963474 | LGP $0.0001955428 | BTN $0.0001954803 | IGS $0.0001947814 | EGP $0.0001920018
[8:52:44 PM] High: DDD $0.0004473394 | Low: EGP $0.0001920018 | Spread: 132.99%
[8:52:45 PM] Selling 10,000 DDD for EGP
[8:52:51 PM] Swapped V3 direct DDD->EGP | gas 113058
[8:52:51 PM] Total tokens: 1,012,133 / 1,000,000
[8:52:51 PM] Skimming 12133 EGP to owner 0x0780b145...
[8:52:57 PM] Sent | tx: 0x9727ba27d0d145c35b5bfda5748781b55750c751be51897f4be3508898e9f9f8
[8:52:57 PM] [84/84 swaps] Next in 120s
[8:54:57 PM] No price: OGC (LPs drained)
[8:54:57 PM] Prices: DDD $0.0004473394 | PKT $0.0002637870 | DHG $0.0001963474 | LGP $0.0001955428 | BTN $0.0001954803 | IGS $0.0001947814 | EGP $0.0001936716
[8:54:57 PM] High: DDD $0.0004473394 | Low: EGP $0.0001936716 | Spread: 130.98%
[8:54:57 PM] Selling 10,000 DDD for EGP
[8:55:14 PM] Swapped V3 direct DDD->EGP | gas 113032
[8:55:15 PM] Total tokens: 1,011,754 / 1,000,000
[8:55:15 PM] Skimming 11754 EGP to owner 0x0780b145...
[8:55:19 PM] Sent | tx: 0x976fbde22928785058964529de6c898aa66ae641782415c50721f0e10bf92c75
[8:55:19 PM] [85/85 swaps] Next in 120s
[8:57:20 PM] No price: OGC (LPs drained)
[8:57:20 PM] Prices: DDD $0.0004473394 | PKT $0.0002637870 | DHG $0.0001963474 | LGP $0.0001955428 | BTN $0.0001954803 | IGS $0.0001947814 | EGP $0.0001936716
[8:57:20 PM] High: DDD $0.0004473394 | Low: EGP $0.0001936716 | Spread: 130.98%
[8:57:20 PM] Selling 10,000 DDD for EGP
[8:57:25 PM] Swapped V3 direct DDD->EGP | gas 113004
[8:57:26 PM] Total tokens: 1,011,740 / 1,000,000
[8:57:26 PM] Skimming 11740 EGP to owner 0x0780b145...
[8:57:31 PM] Sent | tx: 0x1635f7bbb3a33931d305038f2a81c80cb4ec65e4f23c2ffa1c1c5d0cd1f3a9d5
[8:57:31 PM] [86/86 swaps] Next in 120s
[8:59:31 PM] No price: OGC (LPs drained)
[8:59:31 PM] Prices: DDD $0.0004473394 | PKT $0.0002637870 | DHG $0.0001963474 | LGP $0.0001955428 | BTN $0.0001954803 | IGS $0.0001947814 | EGP $0.0001936716
[8:59:31 PM] High: DDD $0.0004473394 | Low: EGP $0.0001936716 | Spread: 130.98%
[8:59:31 PM] Selling 10,000 DDD for EGP
[8:59:36 PM] Swapped V3 direct DDD->EGP | gas 113048
[8:59:36 PM] Total tokens: 1,011,555 / 1,000,000
[8:59:36 PM] Skimming 11555 EGP to owner 0x0780b145...
[8:59:41 PM] Sent | tx: 0xd69c54ff949ce8c5806e6f0fa9183a4e204ab34f00a18d649be0942348e16b64
[8:59:41 PM] [87/87 swaps] Next in 120s
[9:01:41 PM] No price: OGC (LPs drained)
[9:01:41 PM] Prices: DDD $0.0004473394 | PKT $0.0002637870 | DHG $0.0001963474 | LGP $0.0001955428 | BTN $0.0001954803 | IGS $0.0001947814 | EGP $0.0001947523
[9:01:41 PM] High: DDD $0.0004473394 | Low: EGP $0.0001947523 | Spread: 129.70%
[9:01:42 PM] Selling 10,000 DDD for EGP
[9:01:47 PM] Swapped V3 direct DDD->EGP | gas 113018
[9:01:47 PM] Total tokens: 1,011,413 / 1,000,000
[9:01:47 PM] Skimming 11413 EGP to owner 0x0780b145...
[9:01:52 PM] Sent | tx: 0x60b5a3cf28efad109a7ef7f1ed1710d63ce89cc9a1d77ff87696534f8e12a0a4
[9:01:52 PM] [88/88 swaps] Next in 120s
[9:03:53 PM] No price: OGC (LPs drained)
[9:03:53 PM] Prices: DDD $0.0004473394 | PKT $0.0002637870 | DHG $0.0001963474 | EGP $0.0001961688 | LGP $0.0001955428 | BTN $0.0001954803 | IGS $0.0001947814
[9:03:53 PM] High: DDD $0.0004473394 | Low: IGS $0.0001947814 | Spread: 129.66%
[9:03:53 PM] Selling 10,000 DDD for IGS
[9:03:58 PM] Swapped V3 direct DDD->IGS | gas 111291
[9:03:58 PM] Total tokens: 1,011,967 / 1,000,000
[9:03:58 PM] Skimming 11967 IGS to owner 0x0780b145...
[9:04:03 PM] Sent | tx: 0xb6ef49a562deea40fbde232f6c0c1482dabcdff388400a098ec2c8b72943ef1b
[9:04:03 PM] [89/89 swaps] Next in 120s
[9:06:04 PM] No price: OGC (LPs drained)
[9:06:04 PM] Prices: DDD $0.0004473394 | PKT $0.0002637870 | DHG $0.0001963474 | EGP $0.0001961688 | LGP $0.0001955428 | BTN $0.0001954803 | IGS $0.0001947814
[9:06:04 PM] High: DDD $0.0004473394 | Low: IGS $0.0001947814 | Spread: 129.66%
[9:06:04 PM] Selling 10,000 DDD for IGS
[9:06:09 PM] Swapped V3 direct DDD->IGS | gas 112265
[9:06:09 PM] Total tokens: 1,011,525 / 1,000,000
[9:06:09 PM] Skimming 11525 IGS to owner 0x0780b145...
[9:06:15 PM] Sent | tx: 0x17470b725fbf647cb0f1d8a10f7846171d54e54db4a5fac537ac9a8fefd50be4
[9:06:15 PM] [90/90 swaps] Next in 120s
[9:08:15 PM] No price: OGC (LPs drained)
[9:08:15 PM] Prices: DDD $0.0004473394 | PKT $0.0002637870 | DHG $0.0001963474 | EGP $0.0001961688 | LGP $0.0001955428 | BTN $0.0001954803 | IGS $0.0001947814
[9:08:15 PM] High: DDD $0.0004473394 | Low: IGS $0.0001947814 | Spread: 129.66%
[9:08:15 PM] Selling 10,000 DDD for IGS
[9:08:21 PM] Swapped V3 direct DDD->IGS | gas 112265
[9:08:21 PM] Total tokens: 1,011,478 / 1,000,000
[9:08:21 PM] Skimming 11478 IGS to owner 0x0780b145...
[9:08:26 PM] Sent | tx: 0x003d7e582c7e23b2f04eae730c7d95e41e8632aee609770df619c8f52ad71944
[9:08:26 PM] [91/91 swaps] Next in 120s
[9:10:27 PM] No price: OGC (LPs drained)
[9:10:27 PM] Prices: DDD $0.0004463852 | PKT $0.0002637870 | DHG $0.0001963474 | EGP $0.0001961688 | LGP $0.0001955428 | BTN $0.0001954803 | IGS $0.0001947814
[9:10:27 PM] High: DDD $0.0004463852 | Low: IGS $0.0001947814 | Spread: 129.17%
[9:10:27 PM] Selling 10,000 DDD for IGS
[9:10:32 PM] Swapped V3 direct DDD->IGS | gas 112263
[9:10:32 PM] Total tokens: 1,011,381 / 1,000,000
[9:10:32 PM] Skimming 11381 IGS to owner 0x0780b145...
[9:10:38 PM] Sent | tx: 0xd1e5bfe949b0be209c75063bd26c8add19541c87e20538c08dd616a6c41f82d1
[9:10:38 PM] [92/92 swaps] Next in 120s
[9:12:38 PM] No price: OGC (LPs drained)
[9:12:38 PM] Prices: DDD $0.0004463852 | PKT $0.0002637870 | DHG $0.0001963474 | LGP $0.0001955428 | BTN $0.0001954803 | IGS $0.0001947814 | EGP $0.0001946304
[9:12:38 PM] High: DDD $0.0004463852 | Low: EGP $0.0001946304 | Spread: 129.35%
[9:12:38 PM] Selling 10,000 DDD for EGP
[9:12:43 PM] Swapped V3 direct DDD->EGP | gas 113004
[9:12:43 PM] Total tokens: 1,011,609 / 1,000,000
[9:12:43 PM] Skimming 11609 EGP to owner 0x0780b145...
[9:12:48 PM] Sent | tx: 0x93cd9fdc79859c1334d63b9da1ffe5ef8ea7c450b51963f8428f1d396fa389c2
[9:12:48 PM] [93/93 swaps] Next in 120s
[9:14:49 PM] No price: OGC (LPs drained)
[9:14:49 PM] Prices: DDD $0.0004463852 | PKT $0.0002637870 | DHG $0.0001963474 | LGP $0.0001955428 | BTN $0.0001954803 | IGS $0.0001947814 | EGP $0.0001946304
[9:14:49 PM] High: DDD $0.0004463852 | Low: EGP $0.0001946304 | Spread: 129.35%
[9:14:49 PM] Selling 10,000 DDD for EGP
[9:14:54 PM] Swapped V3 direct DDD->EGP | gas 113072
[9:14:54 PM] Total tokens: 1,011,663 / 1,000,000
[9:14:54 PM] Skimming 11663 EGP to owner 0x0780b145...
[9:15:23 PM] Sent | tx: 0x77f28f5f1068ed78eb6c724259da33a70babab2af3bb7ee6ca46d7d9f0e73f6d
[9:15:23 PM] [94/94 swaps] Next in 120s
[9:17:23 PM] No price: OGC (LPs drained)
[9:17:23 PM] Prices: DDD $0.0004463852 | PKT $0.0002637870 | DHG $0.0001963474 | LGP $0.0001955428 | BTN $0.0001954803 | IGS $0.0001947814 | EGP $0.0001946304
[9:17:23 PM] High: DDD $0.0004463852 | Low: EGP $0.0001946304 | Spread: 129.35%
[9:17:24 PM] Selling 10,000 DDD for EGP
[9:17:29 PM] Swapped V3 direct DDD->EGP | gas 113030
[9:17:29 PM] Total tokens: 1,011,345 / 1,000,000
[9:17:29 PM] Skimming 11345 EGP to owner 0x0780b145...
[9:17:34 PM] Sent | tx: 0xa43a8eaeda3aee3e601cbf0b120db6c80a0ee5375375d9caf6c151892b588f5d
[9:17:34 PM] [95/95 swaps] Next in 120s
[9:19:34 PM] No price: OGC (LPs drained)
[9:19:34 PM] Prices: DDD $0.0004463852 | PKT $0.0002637870 | DHG $0.0001963474 | EGP $0.0001960639 | LGP $0.0001955428 | BTN $0.0001954803 | IGS $0.0001947814
[9:19:34 PM] High: DDD $0.0004463852 | Low: IGS $0.0001947814 | Spread: 129.17%
[9:19:34 PM] Selling 10,000 DDD for IGS
[9:19:39 PM] Swapped V3 direct DDD->IGS | gas 112259
[9:19:39 PM] Total tokens: 1,011,445 / 1,000,000
[9:19:39 PM] Skimming 11445 IGS to owner 0x0780b145...
[9:19:45 PM] Sent | tx: 0x11d577c70f57a64f0a85d9fd5c3abc7d8640d3b91d01a65d6308160bac29e0c2
[9:19:45 PM] [96/96 swaps] Next in 120s
[9:21:45 PM] No price: OGC (LPs drained)
[9:21:45 PM] Prices: DDD $0.0004463852 | PKT $0.0002637870 | DHG $0.0001963474 | EGP $0.0001960639 | LGP $0.0001955428 | BTN $0.0001954803 | IGS $0.0001947814
[9:21:45 PM] High: DDD $0.0004463852 | Low: IGS $0.0001947814 | Spread: 129.17%
[9:21:46 PM] Not enough DDD. Have: 9788, need: 10000
[9:21:46 PM] [97/96 swaps] Next in 120s
[9:23:46 PM] No price: OGC (LPs drained)
[9:23:46 PM] Prices: DDD $0.0004463852 | PKT $0.0002637870 | DHG $0.0001963474 | EGP $0.0001960639 | LGP $0.0001955428 | BTN $0.0001954803 | IGS $0.0001947814
[9:23:46 PM] High: DDD $0.0004463852 | Low: IGS $0.0001947814 | Spread: 129.17%
[9:23:46 PM] Not enough DDD. Have: 9788, need: 10000
[9:23:46 PM] [98/96 swaps] Next in 120s
[9:25:47 PM] No price: OGC (LPs drained)
[9:25:47 PM] Prices: DDD $0.0004463852 | PKT $0.0002637870 | DHG $0.0001963474 | EGP $0.0001960639 | LGP $0.0001955428 | BTN $0.0001954803 | IGS $0.0001947814
[9:25:47 PM] High: DDD $0.0004463852 | Low: IGS $0.0001947814 | Spread: 129.17%
[9:25:47 PM] Not enough DDD. Have: 9788, need: 10000
[9:25:47 PM] [99/96 swaps] Next in 120s
[9:27:47 PM] No price: OGC (LPs drained)
[9:27:47 PM] Prices: DDD $0.0004463852 | PKT $0.0002637870 | DHG $0.0001963474 | EGP $0.0001960639 | LGP $0.0001955428 | BTN $0.0001954803 | IGS $0.0001947814
[9:27:47 PM] High: DDD $0.0004463852 | Low: IGS $0.0001947814 | Spread: 129.17%
[9:27:47 PM] Not enough DDD. Have: 9788, need: 10000
[9:27:47 PM] [100/96 swaps] Next in 120s
[9:29:48 PM] No price: OGC (LPs drained)
[9:29:48 PM] Prices: DDD $0.0004463852 | PKT $0.0002637870 | DHG $0.0001963474 | EGP $0.0001960639 | LGP $0.0001955428 | BTN $0.0001954803 | IGS $0.0001947814
[9:29:48 PM] High: DDD $0.0004463852 | Low: IGS $0.0001947814 | Spread: 129.17%
[9:29:48 PM] Not enough DDD. Have: 9788, need: 10000
[9:29:48 PM] [101/96 swaps] Next in 120s
[9:31:48 PM] No price: OGC (LPs drained)
[9:31:48 PM] Prices: DDD $0.0004440102 | PKT $0.0002637870 | DHG $0.0001963474 | LGP $0.0001955428 | BTN $0.0001954803 | EGP $0.0001951231 | IGS $0.0001947814
[9:31:48 PM] High: DDD $0.0004440102 | Low: IGS $0.0001947814 | Spread: 127.95%
[9:31:48 PM] Not enough DDD. Have: 9788, need: 10000
[9:31:48 PM] [102/96 swaps] Next in 120s
[9:33:49 PM] No price: OGC (LPs drained)
[9:33:49 PM] Prices: DDD $0.0004440102 | PKT $0.0002637870 | DHG $0.0001963474 | LGP $0.0001955428 | BTN $0.0001954803 | EGP $0.0001951231 | IGS $0.0001947814
[9:33:49 PM] High: DDD $0.0004440102 | Low: IGS $0.0001947814 | Spread: 127.95%
[9:33:49 PM] Not enough DDD. Have: 9788, need: 10000
[9:33:49 PM] [103/96 swaps] Next in 120s
[9:35:49 PM] No price: OGC (LPs drained)
[9:35:49 PM] Prices: DDD $0.0004440102 | PKT $0.0002637870 | DHG $0.0001963474 | LGP $0.0001955428 | BTN $0.0001954803 | EGP $0.0001951231 | IGS $0.0001947814
[9:35:49 PM] High: DDD $0.0004440102 | Low: IGS $0.0001947814 | Spread: 127.95%
[9:35:49 PM] Not enough DDD. Have: 9788, need: 10000
[9:35:49 PM] [104/96 swaps] Next in 120s
[9:37:50 PM] No price: OGC (LPs drained)
[9:37:50 PM] Prices: DDD $0.0004440102 | PKT $0.0002637870 | DHG $0.0001963474 | LGP $0.0001955428 | BTN $0.0001954803 | EGP $0.0001951231 | IGS $0.0001947814
[9:37:50 PM] High: DDD $0.0004440102 | Low: IGS $0.0001947814 | Spread: 127.95%
[9:37:50 PM] Not enough DDD. Have: 9788, need: 10000
[9:37:50 PM] [105/96 swaps] Next in 120s
[9:39:50 PM] No price: OGC (LPs drained)
[9:39:50 PM] Prices: DDD $0.0004440102 | PKT $0.0002637870 | DHG $0.0001963474 | LGP $0.0001955428 | BTN $0.0001954803 | EGP $0.0001951231 | IGS $0.0001947814
[9:39:50 PM] High: DDD $0.0004440102 | Low: IGS $0.0001947814 | Spread: 127.95%
[9:39:50 PM] Not enough DDD. Have: 9788, need: 10000
[9:39:50 PM] [106/96 swaps] Next in 120s
[9:41:51 PM] No price: OGC (LPs drained)
[9:41:51 PM] Prices: DDD $0.0004440102 | PKT $0.0002637870 | DHG $0.0001963474 | LGP $0.0001955428 | BTN $0.0001954803 | EGP $0.0001951231 | IGS $0.0001947814
[9:41:51 PM] High: DDD $0.0004440102 | Low: IGS $0.0001947814 | Spread: 127.95%
[9:41:51 PM] Not enough DDD. Have: 9788, need: 10000
[9:41:51 PM] [107/96 swaps] Next in 120s
[9:43:51 PM] No price: OGC (LPs drained)
[9:43:51 PM] Prices: DDD $0.0004440102 | PKT $0.0002637870 | DHG $0.0001963474 | LGP $0.0001955428 | BTN $0.0001954803 | EGP $0.0001951231 | IGS $0.0001947814
[9:43:51 PM] High: DDD $0.0004440102 | Low: IGS $0.0001947814 | Spread: 127.95%
[9:43:51 PM] Not enough DDD. Have: 9788, need: 10000
[9:43:51 PM] [108/96 swaps] Next in 120s
[9:45:52 PM] No price: OGC (LPs drained)
[9:45:52 PM] Prices: DDD $0.0004440102 | PKT $0.0002637870 | DHG $0.0001963474 | LGP $0.0001955428 | BTN $0.0001954803 | EGP $0.0001951231 | IGS $0.0001947814
[9:45:52 PM] High: DDD $0.0004440102 | Low: IGS $0.0001947814 | Spread: 127.95%
[9:45:52 PM] Not enough DDD. Have: 9788, need: 10000
[9:45:52 PM] [109/96 swaps] Next in 120s
[9:47:53 PM] No price: OGC (LPs drained)
[9:47:53 PM] Prices: DDD $0.0004440102 | PKT $0.0002637870 | DHG $0.0001963474 | LGP $0.0001955428 | BTN $0.0001954803 | EGP $0.0001951231 | IGS $0.0001947814
[9:47:53 PM] High: DDD $0.0004440102 | Low: IGS $0.0001947814 | Spread: 127.95%
[9:47:53 PM] Not enough DDD. Have: 9788, need: 10000
[9:47:53 PM] [110/96 swaps] Next in 120s
[9:49:53 PM] No price: OGC (LPs drained)
[9:49:53 PM] Prices: DDD $0.0004440102 | PKT $0.0002637870 | DHG $0.0001963474 | LGP $0.0001955428 | BTN $0.0001954803 | EGP $0.0001951231 | IGS $0.0001947814
[9:49:53 PM] High: DDD $0.0004440102 | Low: IGS $0.0001947814 | Spread: 127.95%
[9:49:53 PM] Not enough DDD. Have: 9788, need: 10000
[9:49:53 PM] [111/96 swaps] Next in 120s
[9:51:54 PM] No price: OGC (LPs drained)
[9:51:54 PM] Prices: DDD $0.0004440102 | PKT $0.0002637870 | DHG $0.0001963474 | LGP $0.0001955428 | BTN $0.0001954803 | EGP $0.0001951231 | IGS $0.0001947814
[9:51:54 PM] High: DDD $0.0004440102 | Low: IGS $0.0001947814 | Spread: 127.95%
[9:51:54 PM] Not enough DDD. Have: 9788, need: 10000
[9:51:54 PM] [112/96 swaps] Next in 120s
[9:53:54 PM] No price: OGC (LPs drained)
[9:53:54 PM] Prices: DDD $0.0004440102 | PKT $0.0002637870 | DHG $0.0001963474 | LGP $0.0001955428 | BTN $0.0001954803 | EGP $0.0001951231 | IGS $0.0001947814
[9:53:54 PM] High: DDD $0.0004440102 | Low: IGS $0.0001947814 | Spread: 127.95%
[9:53:54 PM] Not enough DDD. Have: 9788, need: 10000
[9:53:54 PM] [113/96 swaps] Next in 120s
[9:55:55 PM] No price: OGC (LPs drained)
[9:55:55 PM] Prices: DDD $0.0004440102 | PKT $0.0002637870 | DHG $0.0001963474 | LGP $0.0001955428 | BTN $0.0001954803 | EGP $0.0001951231 | IGS $0.0001947814
[9:55:55 PM] High: DDD $0.0004440102 | Low: IGS $0.0001947814 | Spread: 127.95%
[9:55:55 PM] Not enough DDD. Have: 9788, need: 10000
[9:55:55 PM] [114/96 swaps] Next in 120s
[9:57:55 PM] No price: OGC (LPs drained)
[9:57:55 PM] Prices: DDD $0.0004440102 | PKT $0.0002637870 | DHG $0.0001963474 | LGP $0.0001955428 | BTN $0.0001954803 | EGP $0.0001951231 | IGS $0.0001947814
[9:57:55 PM] High: DDD $0.0004440102 | Low: IGS $0.0001947814 | Spread: 127.95%
[9:57:56 PM] Not enough DDD. Have: 9788, need: 10000
[9:57:56 PM] [115/96 swaps] Next in 120s
[9:59:56 PM] No price: OGC (LPs drained)
[9:59:56 PM] Prices: DDD $0.0004440102 | PKT $0.0002637870 | DHG $0.0001963474 | LGP $0.0001955428 | BTN $0.0001954803 | EGP $0.0001951231 | IGS $0.0001947814
[9:59:56 PM] High: DDD $0.0004440102 | Low: IGS $0.0001947814 | Spread: 127.95%
[9:59:56 PM] Not enough DDD. Have: 9788, need: 10000
[9:59:56 PM] [116/96 swaps] Next in 120s
[10:01:56 PM] No price: OGC (LPs drained)
[10:01:56 PM] Prices: DDD $0.0004440102 | PKT $0.0002637870 | DHG $0.0001963474 | LGP $0.0001955428 | BTN $0.0001954803 | EGP $0.0001951231 | IGS $0.0001947814
[10:01:56 PM] High: DDD $0.0004440102 | Low: IGS $0.0001947814 | Spread: 127.95%
[10:01:57 PM] Not enough DDD. Have: 9788, need: 10000
[10:01:57 PM] [117/96 swaps] Next in 120s
[10:03:57 PM] No price: OGC (LPs drained)
[10:03:57 PM] Prices: DDD $0.0004440102 | PKT $0.0002637870 | DHG $0.0001963474 | LGP $0.0001955428 | BTN $0.0001954803 | EGP $0.0001951231 | IGS $0.0001947814
[10:03:57 PM] High: DDD $0.0004440102 | Low: IGS $0.0001947814 | Spread: 127.95%
[10:03:57 PM] Not enough DDD. Have: 9788, need: 10000
[10:03:57 PM] [118/96 swaps] Next in 120s
[10:05:58 PM] No price: OGC (LPs drained)
[10:05:58 PM] Prices: DDD $0.0004440102 | PKT $0.0002637870 | DHG $0.0001963474 | LGP $0.0001955428 | BTN $0.0001954803 | EGP $0.0001951231 | IGS $0.0001947814
[10:05:58 PM] High: DDD $0.0004440102 | Low: IGS $0.0001947814 | Spread: 127.95%
[10:05:58 PM] Not enough DDD. Have: 9788, need: 10000
[10:05:58 PM] [119/96 swaps] Next in 120s
[10:07:58 PM] No price: OGC (LPs drained)
[10:07:58 PM] Prices: DDD $0.0004440102 | PKT $0.0002637870 | DHG $0.0001963474 | LGP $0.0001955428 | BTN $0.0001954803 | EGP $0.0001951231 | IGS $0.0001947814
[10:07:58 PM] High: DDD $0.0004440102 | Low: IGS $0.0001947814 | Spread: 127.95%
[10:07:58 PM] Not enough DDD. Have: 9788, need: 10000
[10:07:58 PM] [120/96 swaps] Next in 120s
[10:09:59 PM] No price: OGC (LPs drained)
[10:09:59 PM] Prices: DDD $0.0004440102 | PKT $0.0002637870 | DHG $0.0001963474 | LGP $0.0001955428 | BTN $0.0001954803 | EGP $0.0001951231 | IGS $0.0001947814
[10:09:59 PM] High: DDD $0.0004440102 | Low: IGS $0.0001947814 | Spread: 127.95%
[10:09:59 PM] Not enough DDD. Have: 9788, need: 10000
[10:09:59 PM] [121/96 swaps] Next in 120s
[10:12:00 PM] No price: OGC (LPs drained)
[10:12:00 PM] Prices: DDD $0.0004440102 | PKT $0.0002637870 | DHG $0.0001963474 | LGP $0.0001955428 | BTN $0.0001954803 | EGP $0.0001951231 | IGS $0.0001947814
[10:12:00 PM] High: DDD $0.0004440102 | Low: IGS $0.0001947814 | Spread: 127.95%
[10:12:00 PM] Not enough DDD. Have: 9788, need: 10000
[10:12:00 PM] [122/96 swaps] Next in 120s
[10:14:00 PM] No price: OGC (LPs drained)
[10:14:00 PM] Prices: DDD $0.0004440102 | PKT $0.0002637870 | DHG $0.0001963474 | LGP $0.0001955428 | BTN $0.0001954803 | EGP $0.0001951231 | IGS $0.0001947814
[10:14:00 PM] High: DDD $0.0004440102 | Low: IGS $0.0001947814 | Spread: 127.95%
[10:14:00 PM] Not enough DDD. Have: 9788, need: 10000
[10:14:00 PM] [123/96 swaps] Next in 120s
[10:16:01 PM] No price: OGC (LPs drained)
[10:16:01 PM] Prices: DDD $0.0004440102 | PKT $0.0002637870 | DHG $0.0001963474 | LGP $0.0001955428 | BTN $0.0001954803 | EGP $0.0001951231 | IGS $0.0001947814
[10:16:01 PM] High: DDD $0.0004440102 | Low: IGS $0.0001947814 | Spread: 127.95%
[10:16:01 PM] Not enough DDD. Have: 9788, need: 10000
[10:16:01 PM] [124/96 swaps] Next in 120s
[10:18:01 PM] No price: OGC (LPs drained)
[10:18:01 PM] Prices: DDD $0.0004440102 | PKT $0.0002637870 | DHG $0.0001963474 | LGP $0.0001955428 | BTN $0.0001954803 | EGP $0.0001951231 | IGS $0.0001947814
[10:18:01 PM] High: DDD $0.0004440102 | Low: IGS $0.0001947814 | Spread: 127.95%
[10:18:01 PM] Not enough DDD. Have: 9788, need: 10000
[10:18:01 PM] [125/96 swaps] Next in 120s
[10:20:02 PM] No price: OGC (LPs drained)
[10:20:02 PM] Prices: DDD $0.0004440102 | PKT $0.0002637870 | DHG $0.0001963474 | LGP $0.0001955428 | BTN $0.0001954803 | EGP $0.0001951231 | IGS $0.0001947814
[10:20:02 PM] High: DDD $0.0004440102 | Low: IGS $0.0001947814 | Spread: 127.95%
[10:20:02 PM] Not enough DDD. Have: 9788, need: 10000
[10:20:02 PM] [126/96 swaps] Next in 120s
[10:22:02 PM] No price: OGC (LPs drained)
[10:22:02 PM] Prices: DDD $0.0004440102 | PKT $0.0002637870 | DHG $0.0001963474 | LGP $0.0001955428 | BTN $0.0001954803 | EGP $0.0001951231 | IGS $0.0001947814
[10:22:02 PM] High: DDD $0.0004440102 | Low: IGS $0.0001947814 | Spread: 127.95%
[10:22:02 PM] Not enough DDD. Have: 9788, need: 10000
[10:22:02 PM] [127/96 swaps] Next in 120s
[10:24:03 PM] No price: OGC (LPs drained)
[10:24:03 PM] Prices: DDD $0.0004440102 | PKT $0.0002637870 | DHG $0.0001963474 | LGP $0.0001955428 | BTN $0.0001954803 | EGP $0.0001951231 | IGS $0.0001947814
[10:24:03 PM] High: DDD $0.0004440102 | Low: IGS $0.0001947814 | Spread: 127.95%
[10:24:03 PM] Not enough DDD. Have: 9788, need: 10000
[10:24:03 PM] [128/96 swaps] Next in 120s
[10:26:03 PM] No price: OGC (LPs drained)
[10:26:03 PM] Prices: DDD $0.0004440102 | PKT $0.0002637870 | DHG $0.0001963474 | LGP $0.0001955428 | BTN $0.0001954803 | EGP $0.0001951231 | IGS $0.0001947814
[10:26:03 PM] High: DDD $0.0004440102 | Low: IGS $0.0001947814 | Spread: 127.95%
[10:26:03 PM] Not enough DDD. Have: 9788, need: 10000
[10:26:03 PM] [129/96 swaps] Next in 120s
[10:28:04 PM] No price: OGC (LPs drained)
[10:28:04 PM] Prices: DDD $0.0004440102 | PKT $0.0002637870 | DHG $0.0001963474 | LGP $0.0001955428 | BTN $0.0001954803 | EGP $0.0001951231 | IGS $0.0001947814
[10:28:04 PM] High: DDD $0.0004440102 | Low: IGS $0.0001947814 | Spread: 127.95%
[10:28:04 PM] Not enough DDD. Have: 9788, need: 10000
[10:28:04 PM] [130/96 swaps] Next in 120s
[10:30:04 PM] No price: OGC (LPs drained)
[10:30:04 PM] Prices: DDD $0.0004440102 | PKT $0.0002637870 | DHG $0.0001963474 | LGP $0.0001955428 | BTN $0.0001954803 | EGP $0.0001951231 | IGS $0.0001947814
[10:30:04 PM] High: DDD $0.0004440102 | Low: IGS $0.0001947814 | Spread: 127.95%
[10:30:04 PM] Not enough DDD. Have: 9788, need: 10000
[10:30:04 PM] [131/96 swaps] Next in 120s
[10:32:05 PM] No price: OGC (LPs drained)
[10:32:05 PM] Prices: DDD $0.0004440102 | PKT $0.0002637870 | DHG $0.0001963474 | LGP $0.0001955428 | BTN $0.0001954803 | EGP $0.0001951231 | IGS $0.0001947814
[10:32:05 PM] High: DDD $0.0004440102 | Low: IGS $0.0001947814 | Spread: 127.95%
[10:32:05 PM] Not enough DDD. Have: 9788, need: 10000
[10:32:05 PM] [132/96 swaps] Next in 120s
[10:34:05 PM] No price: OGC (LPs drained)
[10:34:05 PM] Prices: DDD $0.0004440102 | PKT $0.0002637870 | DHG $0.0001963474 | LGP $0.0001955428 | BTN $0.0001954803 | EGP $0.0001951231 | IGS $0.0001947814
[10:34:05 PM] High: DDD $0.0004440102 | Low: IGS $0.0001947814 | Spread: 127.95%
[10:34:06 PM] Not enough DDD. Have: 9788, need: 10000
[10:34:06 PM] [133/96 swaps] Next in 120s
[10:36:06 PM] No price: OGC (LPs drained)
[10:36:06 PM] Prices: DDD $0.0004440102 | PKT $0.0002637870 | DHG $0.0001963474 | LGP $0.0001955428 | BTN $0.0001954803 | EGP $0.0001951231 | IGS $0.0001947814
[10:36:06 PM] High: DDD $0.0004440102 | Low: IGS $0.0001947814 | Spread: 127.95%
[10:36:06 PM] Not enough DDD. Have: 9788, need: 10000
[10:36:06 PM] [134/96 swaps] Next in 120s
[10:38:07 PM] No price: OGC (LPs drained)
[10:38:07 PM] Prices: DDD $0.0004440102 | PKT $0.0002637870 | DHG $0.0001963474 | LGP $0.0001955428 | BTN $0.0001954803 | EGP $0.0001951231 | IGS $0.0001947814
[10:38:07 PM] High: DDD $0.0004440102 | Low: IGS $0.0001947814 | Spread: 127.95%
[10:38:07 PM] Not enough DDD. Have: 9788, need: 10000
[10:38:07 PM] [135/96 swaps] Next in 120s
[10:40:07 PM] No price: OGC (LPs drained)
[10:40:07 PM] Prices: DDD $0.0004440102 | PKT $0.0002637870 | DHG $0.0001963474 | LGP $0.0001955428 | BTN $0.0001954803 | EGP $0.0001951231 | IGS $0.0001947814
[10:40:07 PM] High: DDD $0.0004440102 | Low: IGS $0.0001947814 | Spread: 127.95%
[10:40:07 PM] Not enough DDD. Have: 9788, need: 10000
[10:40:07 PM] [136/96 swaps] Next in 120s
[10:42:08 PM] No price: OGC (LPs drained)
[10:42:08 PM] Prices: DDD $0.0004440102 | PKT $0.0002637870 | DHG $0.0001963474 | LGP $0.0001955428 | BTN $0.0001954803 | EGP $0.0001951231 | IGS $0.0001947814
[10:42:08 PM] High: DDD $0.0004440102 | Low: IGS $0.0001947814 | Spread: 127.95%
[10:42:08 PM] Not enough DDD. Have: 9788, need: 10000
[10:42:08 PM] [137/96 swaps] Next in 120s
[10:44:08 PM] No price: OGC (LPs drained)
[10:44:08 PM] Prices: DDD $0.0004440102 | PKT $0.0002637870 | DHG $0.0001963474 | LGP $0.0001955428 | BTN $0.0001954803 | EGP $0.0001951231 | IGS $0.0001947814
[10:44:08 PM] High: DDD $0.0004440102 | Low: IGS $0.0001947814 | Spread: 127.95%
[10:44:08 PM] Not enough DDD. Have: 9788, need: 10000
[10:44:08 PM] [138/96 swaps] Next in 120s
[10:46:09 PM] No price: OGC (LPs drained)
[10:46:09 PM] Prices: DDD $0.0004440102 | PKT $0.0002637870 | DHG $0.0001963474 | LGP $0.0001955428 | BTN $0.0001954803 | EGP $0.0001951231 | IGS $0.0001947814
[10:46:09 PM] High: DDD $0.0004440102 | Low: IGS $0.0001947814 | Spread: 127.95%
[10:46:09 PM] Not enough DDD. Have: 9788, need: 10000
[10:46:09 PM] [139/96 swaps] Next in 120s
[10:48:09 PM] No price: OGC (LPs drained)
[10:48:09 PM] Prices: DDD $0.0004440102 | PKT $0.0002637870 | DHG $0.0001963474 | LGP $0.0001955428 | BTN $0.0001954803 | EGP $0.0001951231 | IGS $0.0001947814
[10:48:09 PM] High: DDD $0.0004440102 | Low: IGS $0.0001947814 | Spread: 127.95%
[10:48:09 PM] Not enough DDD. Have: 9788, need: 10000
[10:48:09 PM] [140/96 swaps] Next in 120s
[10:50:10 PM] No price: OGC (LPs drained)
[10:50:10 PM] Prices: DDD $0.0004440102 | PKT $0.0002637870 | DHG $0.0001963474 | LGP $0.0001955428 | BTN $0.0001954803 | EGP $0.0001951231 | IGS $0.0001947814
[10:50:10 PM] High: DDD $0.0004440102 | Low: IGS $0.0001947814 | Spread: 127.95%
[10:50:10 PM] Not enough DDD. Have: 9788, need: 10000
[10:50:10 PM] [141/96 swaps] Next in 120s
[10:52:10 PM] No price: OGC (LPs drained)
[10:52:10 PM] Prices: DDD $0.0004440102 | PKT $0.0002637870 | DHG $0.0001963474 | LGP $0.0001955428 | BTN $0.0001954803 | EGP $0.0001951231 | IGS $0.0001947814
[10:52:10 PM] High: DDD $0.0004440102 | Low: IGS $0.0001947814 | Spread: 127.95%
[10:52:10 PM] Not enough DDD. Have: 9788, need: 10000
[10:52:10 PM] [142/96 swaps] Next in 120s
[10:54:11 PM] No price: OGC (LPs drained)
[10:54:11 PM] Prices: DDD $0.0004440102 | PKT $0.0002637870 | DHG $0.0001963474 | LGP $0.0001955428 | BTN $0.0001954803 | EGP $0.0001951231 | IGS $0.0001947814
[10:54:11 PM] High: DDD $0.0004440102 | Low: IGS $0.0001947814 | Spread: 127.95%
[10:54:11 PM] Not enough DDD. Have: 9788, need: 10000
[10:54:11 PM] [143/96 swaps] Next in 120s
[10:56:11 PM] No price: OGC (LPs drained)
[10:56:11 PM] Prices: DDD $0.0004440102 | PKT $0.0002637870 | DHG $0.0001963474 | LGP $0.0001955428 | BTN $0.0001954803 | EGP $0.0001951231 | IGS $0.0001947814
[10:56:11 PM] High: DDD $0.0004440102 | Low: IGS $0.0001947814 | Spread: 127.95%
[10:56:11 PM] Not enough DDD. Have: 9788, need: 10000
[10:56:11 PM] [144/96 swaps] Next in 120s
[10:58:12 PM] No price: OGC (LPs drained)
[10:58:12 PM] Prices: DDD $0.0004440102 | PKT $0.0002637870 | DHG $0.0001963474 | LGP $0.0001955428 | BTN $0.0001954803 | EGP $0.0001951231 | IGS $0.0001947814
[10:58:12 PM] High: DDD $0.0004440102 | Low: IGS $0.0001947814 | Spread: 127.95%
[10:58:12 PM] Not enough DDD. Have: 9788, need: 10000
[10:58:12 PM] [145/96 swaps] Next in 120s
[11:00:12 PM] No price: OGC (LPs drained)
[11:00:12 PM] Prices: DDD $0.0004440102 | PKT $0.0002637870 | DHG $0.0001963474 | LGP $0.0001955428 | BTN $0.0001954803 | EGP $0.0001951231 | IGS $0.0001947814
[11:00:12 PM] High: DDD $0.0004440102 | Low: IGS $0.0001947814 | Spread: 127.95%
[11:00:12 PM] Not enough DDD. Have: 9788, need: 10000
[11:00:12 PM] [146/96 swaps] Next in 120s
[11:02:13 PM] No price: OGC (LPs drained)
[11:02:13 PM] Prices: DDD $0.0004440102 | PKT $0.0002637870 | DHG $0.0001963474 | LGP $0.0001955428 | BTN $0.0001954803 | EGP $0.0001951231 | IGS $0.0001947814
[11:02:13 PM] High: DDD $0.0004440102 | Low: IGS $0.0001947814 | Spread: 127.95%
[11:02:13 PM] Not enough DDD. Have: 9788, need: 10000
[11:02:13 PM] [147/96 swaps] Next in 120s
[11:04:13 PM] No price: OGC (LPs drained)
[11:04:13 PM] Prices: DDD $0.0004440102 | PKT $0.0002637870 | DHG $0.0001963474 | LGP $0.0001955428 | BTN $0.0001954803 | EGP $0.0001951231 | IGS $0.0001947814
[11:04:13 PM] High: DDD $0.0004440102 | Low: IGS $0.0001947814 | Spread: 127.95%
[11:04:13 PM] Not enough DDD. Have: 9788, need: 10000
[11:04:13 PM] [148/96 swaps] Next in 120s
[11:06:14 PM] No price: OGC (LPs drained)
[11:06:14 PM] Prices: DDD $0.0004440102 | PKT $0.0002637870 | DHG $0.0001963474 | LGP $0.0001955428 | BTN $0.0001954803 | EGP $0.0001951231 | IGS $0.0001947814
[11:06:14 PM] High: DDD $0.0004440102 | Low: IGS $0.0001947814 | Spread: 127.95%
[11:06:14 PM] Not enough DDD. Have: 9788, need: 10000
[11:06:14 PM] [149/96 swaps] Next in 120s
[11:08:14 PM] No price: OGC (LPs drained)
[11:08:14 PM] Prices: DDD $0.0004440102 | PKT $0.0002637870 | DHG $0.0001963474 | LGP $0.0001955428 | BTN $0.0001954803 | EGP $0.0001951231 | IGS $0.0001947814
[11:08:14 PM] High: DDD $0.0004440102 | Low: IGS $0.0001947814 | Spread: 127.95%
[11:08:14 PM] Not enough DDD. Have: 9788, need: 10000
[11:08:14 PM] [150/96 swaps] Next in 120s
[11:10:14 PM] No price: OGC (LPs drained)
[11:10:14 PM] Prices: DDD $0.0004440102 | PKT $0.0002637870 | DHG $0.0001963474 | LGP $0.0001955428 | BTN $0.0001954803 | EGP $0.0001951231 | IGS $0.0001947814
[11:10:14 PM] High: DDD $0.0004440102 | Low: IGS $0.0001947814 | Spread: 127.95%
[11:10:15 PM] Not enough DDD. Have: 9788, need: 10000
[11:10:15 PM] [151/96 swaps] Next in 120s
[11:12:15 PM] No price: OGC (LPs drained)
[11:12:15 PM] Prices: DDD $0.0004440102 | PKT $0.0002637870 | DHG $0.0001963474 | LGP $0.0001955428 | BTN $0.0001954803 | EGP $0.0001951231 | IGS $0.0001947814
[11:12:15 PM] High: DDD $0.0004440102 | Low: IGS $0.0001947814 | Spread: 127.95%
[11:12:15 PM] Not enough DDD. Have: 9788, need: 10000
[11:12:15 PM] [152/96 swaps] Next in 120s
[11:14:15 PM] No price: OGC (LPs drained)
[11:14:15 PM] Prices: DDD $0.0004440102 | PKT $0.0002637870 | DHG $0.0001963474 | LGP $0.0001955428 | BTN $0.0001954803 | EGP $0.0001951231 | IGS $0.0001947814
[11:14:15 PM] High: DDD $0.0004440102 | Low: IGS $0.0001947814 | Spread: 127.95%
[11:14:15 PM] Not enough DDD. Have: 9788, need: 10000
[11:14:15 PM] [153/96 swaps] Next in 120s
[11:16:16 PM] No price: OGC (LPs drained)
[11:16:16 PM] Prices: DDD $0.0004440102 | PKT $0.0002637870 | DHG $0.0001963474 | LGP $0.0001955428 | BTN $0.0001954803 | EGP $0.0001951231 | IGS $0.0001947814
[11:16:16 PM] High: DDD $0.0004440102 | Low: IGS $0.0001947814 | Spread: 127.95%
[11:16:16 PM] Not enough DDD. Have: 9788, need: 10000
[11:16:16 PM] [154/96 swaps] Next in 120s
[11:18:16 PM] No price: OGC (LPs drained)
[11:18:16 PM] Prices: DDD $0.0004440102 | PKT $0.0002637870 | DHG $0.0001963474 | LGP $0.0001955428 | BTN $0.0001954803 | EGP $0.0001951231 | IGS $0.0001947814
[11:18:16 PM] High: DDD $0.0004440102 | Low: IGS $0.0001947814 | Spread: 127.95%
[11:18:16 PM] Not enough DDD. Have: 9788, need: 10000
[11:18:16 PM] [155/96 swaps] Next in 120s
[11:20:17 PM] No price: OGC (LPs drained)
[11:20:17 PM] Prices: DDD $0.0004440102 | PKT $0.0002637870 | DHG $0.0001963474 | LGP $0.0001955428 | BTN $0.0001954803 | EGP $0.0001951231 | IGS $0.0001947814
[11:20:17 PM] High: DDD $0.0004440102 | Low: IGS $0.0001947814 | Spread: 127.95%
[11:20:17 PM] Not enough DDD. Have: 9788, need: 10000
[11:20:17 PM] [156/96 swaps] Next in 120s
[11:22:17 PM] No price: OGC (LPs drained)
[11:22:17 PM] Prices: DDD $0.0004440102 | PKT $0.0002637870 | DHG $0.0001963474 | LGP $0.0001955428 | BTN $0.0001954803 | EGP $0.0001951231 | IGS $0.0001947814
[11:22:17 PM] High: DDD $0.0004440102 | Low: IGS $0.0001947814 | Spread: 127.95%
[11:22:17 PM] Not enough DDD. Have: 9788, need: 10000
[11:22:17 PM] [157/96 swaps] Next in 120s
[11:24:18 PM] No price: OGC (LPs drained)
[11:24:18 PM] Prices: DDD $0.0004440102 | PKT $0.0002637870 | DHG $0.0001963474 | LGP $0.0001955428 | BTN $0.0001954803 | EGP $0.0001951231 | IGS $0.0001947814
[11:24:18 PM] High: DDD $0.0004440102 | Low: IGS $0.0001947814 | Spread: 127.95%
[11:24:18 PM] Not enough DDD. Have: 9788, need: 10000
[11:24:18 PM] [158/96 swaps] Next in 120s
[11:26:18 PM] No price: OGC (LPs drained)
[11:26:18 PM] Prices: DDD $0.0004440102 | PKT $0.0002637870 | DHG $0.0001963474 | LGP $0.0001955428 | BTN $0.0001954803 | EGP $0.0001951231 | IGS $0.0001947814
[11:26:18 PM] High: DDD $0.0004440102 | Low: IGS $0.0001947814 | Spread: 127.95%
[11:26:18 PM] Not enough DDD. Have: 9788, need: 10000
[11:26:18 PM] [159/96 swaps] Next in 120s
[11:28:19 PM] No price: OGC (LPs drained)
[11:28:19 PM] Prices: DDD $0.0004440102 | PKT $0.0002637870 | DHG $0.0001963474 | LGP $0.0001955428 | BTN $0.0001954803 | EGP $0.0001951231 | IGS $0.0001947814
[11:28:19 PM] High: DDD $0.0004440102 | Low: IGS $0.0001947814 | Spread: 127.95%
[11:28:19 PM] Not enough DDD. Have: 9788, need: 10000
[11:28:19 PM] [160/96 swaps] Next in 120s
[11:30:19 PM] No price: OGC (LPs drained)
[11:30:19 PM] Prices: DDD $0.0004440102 | PKT $0.0002637870 | DHG $0.0001963474 | LGP $0.0001955428 | BTN $0.0001954803 | EGP $0.0001951231 | IGS $0.0001947814
[11:30:19 PM] High: DDD $0.0004440102 | Low: IGS $0.0001947814 | Spread: 127.95%
[11:30:19 PM] Not enough DDD. Have: 9788, need: 10000
[11:30:19 PM] [161/96 swaps] Next in 120s
[11:32:20 PM] No price: OGC (LPs drained)
[11:32:20 PM] Prices: DDD $0.0004440102 | PKT $0.0002637870 | DHG $0.0001963474 | LGP $0.0001955428 | BTN $0.0001954803 | EGP $0.0001951231 | IGS $0.0001947814
[11:32:20 PM] High: DDD $0.0004440102 | Low: IGS $0.0001947814 | Spread: 127.95%
[11:32:20 PM] Not enough DDD. Have: 9788, need: 10000
[11:32:20 PM] [162/96 swaps] Next in 120s
[11:34:20 PM] No price: OGC (LPs drained)
[11:34:20 PM] Prices: DDD $0.0004440102 | PKT $0.0002637870 | DHG $0.0001963474 | LGP $0.0001955428 | BTN $0.0001954803 | EGP $0.0001951231 | IGS $0.0001947814
[11:34:20 PM] High: DDD $0.0004440102 | Low: IGS $0.0001947814 | Spread: 127.95%
[11:34:20 PM] Not enough DDD. Have: 9788, need: 10000
[11:34:20 PM] [163/96 swaps] Next in 120s
[11:36:21 PM] No price: OGC (LPs drained)
[11:36:21 PM] Prices: DDD $0.0004440102 | PKT $0.0002637870 | DHG $0.0001963474 | LGP $0.0001955428 | BTN $0.0001954803 | EGP $0.0001951231 | IGS $0.0001947814
[11:36:21 PM] High: DDD $0.0004440102 | Low: IGS $0.0001947814 | Spread: 127.95%
[11:36:21 PM] Not enough DDD. Have: 9788, need: 10000
[11:36:21 PM] [164/96 swaps] Next in 120s
[11:38:21 PM] No price: OGC (LPs drained)
[11:38:21 PM] Prices: DDD $0.0004440102 | PKT $0.0002637870 | DHG $0.0001963474 | LGP $0.0001955428 | BTN $0.0001954803 | EGP $0.0001951231 | IGS $0.0001947814
[11:38:21 PM] High: DDD $0.0004440102 | Low: IGS $0.0001947814 | Spread: 127.95%
[11:38:21 PM] Not enough DDD. Have: 9788, need: 10000
[11:38:21 PM] [165/96 swaps] Next in 120s
[11:40:22 PM] No price: OGC (LPs drained)
[11:40:22 PM] Prices: DDD $0.0004440102 | PKT $0.0002637870 | DHG $0.0001963474 | LGP $0.0001955428 | BTN $0.0001954803 | EGP $0.0001951231 | IGS $0.0001947814
[11:40:22 PM] High: DDD $0.0004440102 | Low: IGS $0.0001947814 | Spread: 127.95%
[11:40:22 PM] Not enough DDD. Have: 9788, need: 10000
[11:40:22 PM] [166/96 swaps] Next in 120s
[11:42:22 PM] No price: OGC (LPs drained)
[11:42:22 PM] Prices: DDD $0.0004440102 | PKT $0.0002637870 | DHG $0.0001963474 | LGP $0.0001955428 | BTN $0.0001954803 | EGP $0.0001951231 | IGS $0.0001947814
[11:42:22 PM] High: DDD $0.0004440102 | Low: IGS $0.0001947814 | Spread: 127.95%
[11:42:22 PM] Not enough DDD. Have: 9788, need: 10000
[11:42:22 PM] [167/96 swaps] Next in 120s
[11:44:23 PM] No price: OGC (LPs drained)
[11:44:23 PM] Prices: DDD $0.0004440102 | PKT $0.0002637870 | DHG $0.0001963474 | LGP $0.0001955428 | BTN $0.0001954803 | EGP $0.0001951231 | IGS $0.0001947814
[11:44:23 PM] High: DDD $0.0004440102 | Low: IGS $0.0001947814 | Spread: 127.95%
[11:44:23 PM] Not enough DDD. Have: 9788, need: 10000
[11:44:23 PM] [168/96 swaps] Next in 120s
[11:46:23 PM] No price: OGC (LPs drained)
[11:46:23 PM] Prices: DDD $0.0004440102 | PKT $0.0002637870 | DHG $0.0001963474 | LGP $0.0001955428 | BTN $0.0001954803 | EGP $0.0001951231 | IGS $0.0001947814
[11:46:23 PM] High: DDD $0.0004440102 | Low: IGS $0.0001947814 | Spread: 127.95%
[11:46:23 PM] Not enough DDD. Have: 9788, need: 10000
[11:46:23 PM] [169/96 swaps] Next in 120s
[11:48:24 PM] No price: OGC (LPs drained)
[11:48:24 PM] Prices: DDD $0.0004440102 | PKT $0.0002637870 | DHG $0.0001963474 | LGP $0.0001955428 | BTN $0.0001954803 | EGP $0.0001951231 | IGS $0.0001947814
[11:48:24 PM] High: DDD $0.0004440102 | Low: IGS $0.0001947814 | Spread: 127.95%
[11:48:24 PM] Not enough DDD. Have: 9788, need: 10000
[11:48:24 PM] [170/96 swaps] Next in 120s
[11:50:24 PM] No price: OGC (LPs drained)
[11:50:24 PM] Prices: DDD $0.0004440102 | PKT $0.0002637870 | DHG $0.0001963474 | LGP $0.0001955428 | BTN $0.0001954803 | EGP $0.0001951231 | IGS $0.0001947814
[11:50:24 PM] High: DDD $0.0004440102 | Low: IGS $0.0001947814 | Spread: 127.95%
[11:50:24 PM] Not enough DDD. Have: 9788, need: 10000
[11:50:24 PM] [171/96 swaps] Next in 120s
[11:52:25 PM] No price: OGC (LPs drained)
[11:52:25 PM] Prices: DDD $0.0004440102 | PKT $0.0002637870 | DHG $0.0001963474 | LGP $0.0001955428 | BTN $0.0001954803 | EGP $0.0001951231 | IGS $0.0001947814
[11:52:25 PM] High: DDD $0.0004440102 | Low: IGS $0.0001947814 | Spread: 127.95%
[11:52:25 PM] Not enough DDD. Have: 9788, need: 10000
[11:52:25 PM] [172/96 swaps] Next in 120s
[11:54:25 PM] No price: OGC (LPs drained)
[11:54:25 PM] Prices: DDD $0.0004440102 | PKT $0.0002637870 | DHG $0.0001963474 | LGP $0.0001955428 | BTN $0.0001954803 | EGP $0.0001951231 | IGS $0.0001947814
[11:54:25 PM] High: DDD $0.0004440102 | Low: IGS $0.0001947814 | Spread: 127.95%
[11:54:25 PM] Not enough DDD. Have: 9788, need: 10000
[11:54:25 PM] [173/96 swaps] Next in 120s
[11:56:26 PM] No price: OGC (LPs drained)
[11:56:26 PM] Prices: DDD $0.0004440102 | PKT $0.0002637870 | DHG $0.0001963474 | LGP $0.0001955428 | BTN $0.0001954803 | EGP $0.0001951231 | IGS $0.0001947814
[11:56:26 PM] High: DDD $0.0004440102 | Low: IGS $0.0001947814 | Spread: 127.95%
[11:56:26 PM] Not enough DDD. Have: 9788, need: 10000
[11:56:26 PM] [174/96 swaps] Next in 120s
[11:58:26 PM] No price: OGC (LPs drained)
[11:58:26 PM] Prices: DDD $0.0004440102 | PKT $0.0002637870 | DHG $0.0001963474 | LGP $0.0001955428 | BTN $0.0001954803 | EGP $0.0001951231 | IGS $0.0001947814
[11:58:26 PM] High: DDD $0.0004440102 | Low: IGS $0.0001947814 | Spread: 127.95%
[11:58:26 PM] Not enough DDD. Have: 9788, need: 10000
[11:58:26 PM] [175/96 swaps] Next in 120s
[12:00:27 AM] No price: OGC (LPs drained)
[12:00:27 AM] Prices: DDD $0.0004440102 | PKT $0.0002637870 | DHG $0.0001963474 | LGP $0.0001955428 | BTN $0.0001954803 | EGP $0.0001951231 | IGS $0.0001947814
[12:00:27 AM] High: DDD $0.0004440102 | Low: IGS $0.0001947814 | Spread: 127.95%
[12:00:27 AM] Not enough DDD. Have: 9788, need: 10000
[12:00:27 AM] [176/96 swaps] Next in 120s
[12:02:27 AM] No price: OGC (LPs drained)
[12:02:27 AM] Prices: DDD $0.0004440102 | PKT $0.0002637870 | DHG $0.0001963474 | LGP $0.0001955428 | BTN $0.0001954803 | EGP $0.0001951231 | IGS $0.0001947814
[12:02:27 AM] High: DDD $0.0004440102 | Low: IGS $0.0001947814 | Spread: 127.95%
[12:02:28 AM] Not enough DDD. Have: 9788, need: 10000
[12:02:28 AM] [177/96 swaps] Next in 120s
[12:04:28 AM] No price: OGC (LPs drained)
[12:04:28 AM] Prices: DDD $0.0004440102 | PKT $0.0002637870 | DHG $0.0001963474 | LGP $0.0001955428 | BTN $0.0001954803 | EGP $0.0001951231 | IGS $0.0001947814
[12:04:28 AM] High: DDD $0.0004440102 | Low: IGS $0.0001947814 | Spread: 127.95%
[12:04:28 AM] Not enough DDD. Have: 9788, need: 10000
[12:04:28 AM] [178/96 swaps] Next in 120s
[12:06:28 AM] No price: OGC (LPs drained)
[12:06:28 AM] Prices: DDD $0.0004440102 | PKT $0.0002637870 | DHG $0.0001963474 | LGP $0.0001955428 | BTN $0.0001954803 | EGP $0.0001951231 | IGS $0.0001947814
[12:06:28 AM] High: DDD $0.0004440102 | Low: IGS $0.0001947814 | Spread: 127.95%
[12:06:28 AM] Not enough DDD. Have: 9788, need: 10000
[12:06:28 AM] [179/96 swaps] Next in 120s
[12:08:29 AM] No price: OGC (LPs drained)
[12:08:29 AM] Prices: DDD $0.0004440102 | PKT $0.0002637870 | DHG $0.0001963474 | LGP $0.0001955428 | BTN $0.0001954803 | EGP $0.0001951231 | IGS $0.0001947814
[12:08:29 AM] High: DDD $0.0004440102 | Low: IGS $0.0001947814 | Spread: 127.95%
[12:08:29 AM] Not enough DDD. Have: 9788, need: 10000
[12:08:29 AM] [180/96 swaps] Next in 120s
[12:10:29 AM] No price: OGC (LPs drained)
[12:10:29 AM] Prices: DDD $0.0004440102 | PKT $0.0002637870 | DHG $0.0001963474 | LGP $0.0001955428 | BTN $0.0001954803 | EGP $0.0001951231 | IGS $0.0001947814
[12:10:29 AM] High: DDD $0.0004440102 | Low: IGS $0.0001947814 | Spread: 127.95%
[12:10:29 AM] Not enough DDD. Have: 9788, need: 10000
[12:10:29 AM] [181/96 swaps] Next in 120s
[12:12:30 AM] No price: OGC (LPs drained)
[12:12:30 AM] Prices: DDD $0.0004440102 | PKT $0.0002637870 | DHG $0.0001963474 | LGP $0.0001955428 | BTN $0.0001954803 | EGP $0.0001951231 | IGS $0.0001947814
[12:12:30 AM] High: DDD $0.0004440102 | Low: IGS $0.0001947814 | Spread: 127.95%
[12:12:30 AM] Not enough DDD. Have: 9788, need: 10000
[12:12:30 AM] [182/96 swaps] Next in 120s
[12:14:30 AM] No price: OGC (LPs drained)
[12:14:30 AM] Prices: DDD $0.0004440102 | PKT $0.0002637870 | DHG $0.0001963474 | LGP $0.0001955428 | BTN $0.0001954803 | EGP $0.0001951231 | IGS $0.0001947814
[12:14:30 AM] High: DDD $0.0004440102 | Low: IGS $0.0001947814 | Spread: 127.95%
[12:14:30 AM] Not enough DDD. Have: 9788, need: 10000
[12:14:30 AM] [183/96 swaps] Next in 120s
[12:16:31 AM] No price: OGC (LPs drained)
[12:16:31 AM] Prices: DDD $0.0004440102 | PKT $0.0002637870 | DHG $0.0001963474 | LGP $0.0001955428 | BTN $0.0001954803 | EGP $0.0001951231 | IGS $0.0001947814
[12:16:31 AM] High: DDD $0.0004440102 | Low: IGS $0.0001947814 | Spread: 127.95%
[12:16:31 AM] Not enough DDD. Have: 9788, need: 10000
[12:16:31 AM] [184/96 swaps] Next in 120s
[12:18:31 AM] No price: OGC (LPs drained)
[12:18:31 AM] Prices: DDD $0.0004440102 | PKT $0.0002637870 | DHG $0.0001963474 | LGP $0.0001955428 | BTN $0.0001954803 | EGP $0.0001951231 | IGS $0.0001947814
[12:18:31 AM] High: DDD $0.0004440102 | Low: IGS $0.0001947814 | Spread: 127.95%
[12:18:31 AM] Not enough DDD. Have: 9788, need: 10000
[12:18:31 AM] [185/96 swaps] Next in 120s
[12:20:32 AM] No price: OGC (LPs drained)
[12:20:32 AM] Prices: DDD $0.0004440102 | PKT $0.0002637870 | DHG $0.0001963474 | LGP $0.0001955428 | BTN $0.0001954803 | EGP $0.0001951231 | IGS $0.0001947814
[12:20:32 AM] High: DDD $0.0004440102 | Low: IGS $0.0001947814 | Spread: 127.95%
[12:20:32 AM] Not enough DDD. Have: 9788, need: 10000
[12:20:32 AM] [186/96 swaps] Next in 120s
[12:22:32 AM] No price: OGC (LPs drained)
[12:22:32 AM] Prices: DDD $0.0004440102 | PKT $0.0002637870 | DHG $0.0001963474 | LGP $0.0001955428 | BTN $0.0001954803 | EGP $0.0001951231 | IGS $0.0001947814
[12:22:32 AM] High: DDD $0.0004440102 | Low: IGS $0.0001947814 | Spread: 127.95%
[12:22:32 AM] Not enough DDD. Have: 9788, need: 10000
[12:22:32 AM] [187/96 swaps] Next in 120s
[12:24:33 AM] No price: OGC (LPs drained)
[12:24:33 AM] Prices: DDD $0.0004440102 | PKT $0.0002637870 | DHG $0.0001963474 | LGP $0.0001955428 | BTN $0.0001954803 | EGP $0.0001951231 | IGS $0.0001947814
[12:24:33 AM] High: DDD $0.0004440102 | Low: IGS $0.0001947814 | Spread: 127.95%
[12:24:33 AM] Not enough DDD. Have: 9788, need: 10000
[12:24:33 AM] [188/96 swaps] Next in 120s
[12:26:34 AM] No price: OGC (LPs drained)
[12:26:34 AM] Prices: DDD $0.0004440102 | PKT $0.0002637870 | DHG $0.0001963474 | LGP $0.0001955428 | BTN $0.0001954803 | EGP $0.0001951231 | IGS $0.0001947814
[12:26:34 AM] High: DDD $0.0004440102 | Low: IGS $0.0001947814 | Spread: 127.95%
[12:26:34 AM] Not enough DDD. Have: 9788, need: 10000
[12:26:34 AM] [189/96 swaps] Next in 120s
[12:28:34 AM] No price: OGC (LPs drained)
[12:28:34 AM] Prices: DDD $0.0004440102 | PKT $0.0002637870 | DHG $0.0001963474 | LGP $0.0001955428 | BTN $0.0001954803 | EGP $0.0001951231 | IGS $0.0001947814
[12:28:34 AM] High: DDD $0.0004440102 | Low: IGS $0.0001947814 | Spread: 127.95%
[12:28:34 AM] Not enough DDD. Have: 9788, need: 10000
[12:28:34 AM] [190/96 swaps] Next in 120s
[12:30:35 AM] No price: OGC (LPs drained)
[12:30:35 AM] Prices: DDD $0.0004440102 | PKT $0.0002637870 | DHG $0.0001963474 | LGP $0.0001955428 | BTN $0.0001954803 | EGP $0.0001951231 | IGS $0.0001947814
[12:30:35 AM] High: DDD $0.0004440102 | Low: IGS $0.0001947814 | Spread: 127.95%
[12:30:35 AM] Not enough DDD. Have: 9788, need: 10000
[12:30:35 AM] [191/96 swaps] Next in 120s
[12:32:35 AM] No price: OGC (LPs drained)
[12:32:35 AM] Prices: DDD $0.0004440102 | PKT $0.0002637870 | DHG $0.0001963474 | LGP $0.0001955428 | BTN $0.0001954803 | EGP $0.0001951231 | IGS $0.0001947814
[12:32:35 AM] High: DDD $0.0004440102 | Low: IGS $0.0001947814 | Spread: 127.95%
[12:32:35 AM] Not enough DDD. Have: 9788, need: 10000
[12:32:35 AM] [192/96 swaps] Next in 120s
[12:34:36 AM] No price: OGC (LPs drained)
[12:34:36 AM] Prices: DDD $0.0004440102 | PKT $0.0002637870 | DHG $0.0001963474 | LGP $0.0001955428 | BTN $0.0001954803 | EGP $0.0001951231 | IGS $0.0001947814
[12:34:36 AM] High: DDD $0.0004440102 | Low: IGS $0.0001947814 | Spread: 127.95%
[12:34:36 AM] Not enough DDD. Have: 9788, need: 10000
[12:34:36 AM] [193/96 swaps] Next in 120s
[12:36:36 AM] No price: OGC (LPs drained)
[12:36:36 AM] Prices: DDD $0.0004440102 | PKT $0.0002637870 | DHG $0.0001963474 | LGP $0.0001955428 | BTN $0.0001954803 | EGP $0.0001951231 | IGS $0.0001947814
[12:36:36 AM] High: DDD $0.0004440102 | Low: IGS $0.0001947814 | Spread: 127.95%
[12:36:36 AM] Not enough DDD. Have: 9788, need: 10000
[12:36:36 AM] [194/96 swaps] Next in 120s
[12:38:37 AM] No price: OGC (LPs drained)
[12:38:37 AM] Prices: DDD $0.0004440102 | PKT $0.0002637870 | DHG $0.0001963474 | LGP $0.0001955428 | BTN $0.0001954803 | EGP $0.0001951231 | IGS $0.0001947814
[12:38:37 AM] High: DDD $0.0004440102 | Low: IGS $0.0001947814 | Spread: 127.95%
[12:38:37 AM] Not enough DDD. Have: 9788, need: 10000
[12:38:37 AM] [195/96 swaps] Next in 120s
[12:40:37 AM] No price: OGC (LPs drained)
[12:40:37 AM] Prices: DDD $0.0004440102 | PKT $0.0002637870 | DHG $0.0001963474 | LGP $0.0001955428 | BTN $0.0001954803 | EGP $0.0001951231 | IGS $0.0001947814
[12:40:37 AM] High: DDD $0.0004440102 | Low: IGS $0.0001947814 | Spread: 127.95%
[12:40:37 AM] Not enough DDD. Have: 9788, need: 10000
[12:40:37 AM] [196/96 swaps] Next in 120s
[12:42:37 AM] No price: OGC (LPs drained)
[12:42:37 AM] Prices: DDD $0.0004440102 | PKT $0.0002637870 | DHG $0.0001963474 | LGP $0.0001955428 | BTN $0.0001954803 | EGP $0.0001951231 | IGS $0.0001947814
[12:42:37 AM] High: DDD $0.0004440102 | Low: IGS $0.0001947814 | Spread: 127.95%
[12:42:38 AM] Not enough DDD. Have: 9788, need: 10000
[12:42:38 AM] [197/96 swaps] Next in 120s
[12:44:38 AM] No price: OGC (LPs drained)
[12:44:38 AM] Prices: DDD $0.0004440102 | PKT $0.0002637870 | DHG $0.0001963474 | LGP $0.0001955428 | BTN $0.0001954803 | EGP $0.0001951231 | IGS $0.0001947814
[12:44:38 AM] High: DDD $0.0004440102 | Low: IGS $0.0001947814 | Spread: 127.95%
[12:44:38 AM] Not enough DDD. Have: 9788, need: 10000
[12:44:38 AM] [198/96 swaps] Next in 120s
[12:46:38 AM] No price: OGC (LPs drained)
[12:46:38 AM] Prices: DDD $0.0004440102 | PKT $0.0002637870 | DHG $0.0001963474 | LGP $0.0001955428 | BTN $0.0001954803 | EGP $0.0001951231 | IGS $0.0001947814
[12:46:38 AM] High: DDD $0.0004440102 | Low: IGS $0.0001947814 | Spread: 127.95%
[12:46:38 AM] Not enough DDD. Have: 9788, need: 10000
[12:46:38 AM] [199/96 swaps] Next in 120s
[12:48:39 AM] No price: OGC (LPs drained)
[12:48:39 AM] Prices: DDD $0.0004440102 | PKT $0.0002637870 | DHG $0.0001963474 | LGP $0.0001955428 | BTN $0.0001954803 | EGP $0.0001951231 | IGS $0.0001947814
[12:48:39 AM] High: DDD $0.0004440102 | Low: IGS $0.0001947814 | Spread: 127.95%
[12:48:39 AM] Not enough DDD. Have: 9788, need: 10000
[12:48:39 AM] [200/96 swaps] Next in 120s
[12:50:39 AM] No price: OGC (LPs drained)
[12:50:39 AM] Prices: DDD $0.0004440102 | PKT $0.0002637870 | DHG $0.0001963474 | LGP $0.0001955428 | BTN $0.0001954803 | EGP $0.0001951231 | IGS $0.0001947814
[12:50:39 AM] High: DDD $0.0004440102 | Low: IGS $0.0001947814 | Spread: 127.95%
[12:50:39 AM] Not enough DDD. Have: 9788, need: 10000
[12:50:39 AM] [201/96 swaps] Next in 120s
[12:52:40 AM] No price: OGC (LPs drained)
[12:52:40 AM] Prices: DDD $0.0004440102 | PKT $0.0002637870 | DHG $0.0001963474 | LGP $0.0001955428 | BTN $0.0001954803 | EGP $0.0001951231 | IGS $0.0001947814
[12:52:40 AM] High: DDD $0.0004440102 | Low: IGS $0.0001947814 | Spread: 127.95%
[12:52:40 AM] Not enough DDD. Have: 9788, need: 10000
[12:52:40 AM] [202/96 swaps] Next in 120s
[12:54:40 AM] No price: OGC (LPs drained)
[12:54:40 AM] Prices: DDD $0.0004440102 | PKT $0.0002637870 | DHG $0.0001963474 | LGP $0.0001955428 | BTN $0.0001954803 | EGP $0.0001951231 | IGS $0.0001947814
[12:54:40 AM] High: DDD $0.0004440102 | Low: IGS $0.0001947814 | Spread: 127.95%
[12:54:40 AM] Not enough DDD. Have: 9788, need: 10000
[12:54:40 AM] [203/96 swaps] Next in 120s
[12:56:41 AM] No price: OGC (LPs drained)
[12:56:41 AM] Prices: DDD $0.0004440102 | PKT $0.0002637870 | DHG $0.0001963474 | LGP $0.0001955428 | BTN $0.0001954803 | EGP $0.0001951231 | IGS $0.0001947814
[12:56:41 AM] High: DDD $0.0004440102 | Low: IGS $0.0001947814 | Spread: 127.95%
[12:56:41 AM] Not enough DDD. Have: 9788, need: 10000
[12:56:41 AM] [204/96 swaps] Next in 120s
[12:58:41 AM] No price: OGC (LPs drained)
[12:58:41 AM] Prices: DDD $0.0004440102 | PKT $0.0002637870 | DHG $0.0001963474 | LGP $0.0001955428 | BTN $0.0001954803 | EGP $0.0001951231 | IGS $0.0001947814
[12:58:41 AM] High: DDD $0.0004440102 | Low: IGS $0.0001947814 | Spread: 127.95%
[12:58:41 AM] Not enough DDD. Have: 9788, need: 10000
[12:58:41 AM] [205/96 swaps] Next in 120s
[1:00:42 AM] No price: OGC (LPs drained)
[1:00:42 AM] Prices: DDD $0.0004440102 | PKT $0.0002637870 | DHG $0.0001963474 | LGP $0.0001955428 | BTN $0.0001954803 | EGP $0.0001951231 | IGS $0.0001947814
[1:00:42 AM] High: DDD $0.0004440102 | Low: IGS $0.0001947814 | Spread: 127.95%
[1:00:42 AM] Not enough DDD. Have: 9788, need: 10000
[1:00:42 AM] [206/96 swaps] Next in 120s
[1:02:42 AM] No price: OGC (LPs drained)
[1:02:42 AM] Prices: DDD $0.0004440102 | PKT $0.0002637870 | DHG $0.0001963474 | LGP $0.0001955428 | BTN $0.0001954803 | EGP $0.0001951231 | IGS $0.0001947814
[1:02:42 AM] High: DDD $0.0004440102 | Low: IGS $0.0001947814 | Spread: 127.95%
[1:02:42 AM] Not enough DDD. Have: 9788, need: 10000
[1:02:42 AM] [207/96 swaps] Next in 120s
[1:04:43 AM] No price: OGC (LPs drained)
[1:04:43 AM] Prices: DDD $0.0004440102 | PKT $0.0002637870 | DHG $0.0001963474 | LGP $0.0001955428 | BTN $0.0001954803 | EGP $0.0001951231 | IGS $0.0001947814
[1:04:43 AM] High: DDD $0.0004440102 | Low: IGS $0.0001947814 | Spread: 127.95%
[1:04:43 AM] Not enough DDD. Have: 9788, need: 10000
[1:04:43 AM] [208/96 swaps] Next in 120s
[1:06:43 AM] No price: OGC (LPs drained)
[1:06:43 AM] Prices: DDD $0.0004440102 | PKT $0.0002637870 | DHG $0.0001963474 | LGP $0.0001955428 | BTN $0.0001954803 | EGP $0.0001951231 | IGS $0.0001947814
[1:06:43 AM] High: DDD $0.0004440102 | Low: IGS $0.0001947814 | Spread: 127.95%
[1:06:43 AM] Not enough DDD. Have: 9788, need: 10000
[1:06:43 AM] [209/96 swaps] Next in 120s
[1:08:44 AM] No price: OGC (LPs drained)
[1:08:44 AM] Prices: DDD $0.0004440102 | PKT $0.0002637870 | DHG $0.0001963474 | LGP $0.0001955428 | BTN $0.0001954803 | EGP $0.0001951231 | IGS $0.0001947814
[1:08:44 AM] High: DDD $0.0004440102 | Low: IGS $0.0001947814 | Spread: 127.95%
[1:08:44 AM] Not enough DDD. Have: 9788, need: 10000
[1:08:44 AM] [210/96 swaps] Next in 120s
[1:10:44 AM] No price: OGC (LPs drained)
[1:10:44 AM] Prices: DDD $0.0004440102 | PKT $0.0002637870 | DHG $0.0001963474 | LGP $0.0001955428 | BTN $0.0001954803 | EGP $0.0001951231 | IGS $0.0001947814
[1:10:44 AM] High: DDD $0.0004440102 | Low: IGS $0.0001947814 | Spread: 127.95%
[1:10:45 AM] Not enough DDD. Have: 9788, need: 10000
[1:10:45 AM] [211/96 swaps] Next in 120s
[1:12:45 AM] No price: OGC (LPs drained)
[1:12:45 AM] Prices: DDD $0.0004440102 | PKT $0.0002637870 | DHG $0.0001963474 | LGP $0.0001955428 | BTN $0.0001954803 | EGP $0.0001951231 | IGS $0.0001947814
[1:12:45 AM] High: DDD $0.0004440102 | Low: IGS $0.0001947814 | Spread: 127.95%
[1:12:45 AM] Not enough DDD. Have: 9788, need: 10000
[1:12:45 AM] [212/96 swaps] Next in 120s
[1:14:45 AM] No price: OGC (LPs drained)
[1:14:45 AM] Prices: DDD $0.0004440102 | PKT $0.0002637870 | DHG $0.0001963474 | LGP $0.0001955428 | BTN $0.0001954803 | EGP $0.0001951231 | IGS $0.0001947814
[1:14:45 AM] High: DDD $0.0004440102 | Low: IGS $0.0001947814 | Spread: 127.95%
[1:14:46 AM] Not enough DDD. Have: 9788, need: 10000
[1:14:46 AM] [213/96 swaps] Next in 120s
[1:16:46 AM] No price: OGC (LPs drained)
[1:16:46 AM] Prices: DDD $0.0004440102 | PKT $0.0002637870 | DHG $0.0001963474 | LGP $0.0001955428 | BTN $0.0001954803 | EGP $0.0001951231 | IGS $0.0001947814
[1:16:46 AM] High: DDD $0.0004440102 | Low: IGS $0.0001947814 | Spread: 127.95%
[1:16:46 AM] Not enough DDD. Have: 9788, need: 10000
[1:16:46 AM] [214/96 swaps] Next in 120s
[1:18:46 AM] No price: OGC (LPs drained)
[1:18:46 AM] Prices: DDD $0.0004440102 | PKT $0.0002637870 | DHG $0.0001963474 | LGP $0.0001955428 | BTN $0.0001954803 | EGP $0.0001951231 | IGS $0.0001947814
[1:18:46 AM] High: DDD $0.0004440102 | Low: IGS $0.0001947814 | Spread: 127.95%
[1:18:46 AM] Not enough DDD. Have: 9788, need: 10000
[1:18:46 AM] [215/96 swaps] Next in 120s
[1:20:47 AM] No price: OGC (LPs drained)
[1:20:47 AM] Prices: DDD $0.0004440102 | PKT $0.0002637870 | DHG $0.0001963474 | LGP $0.0001955428 | BTN $0.0001954803 | EGP $0.0001951231 | IGS $0.0001947814
[1:20:47 AM] High: DDD $0.0004440102 | Low: IGS $0.0001947814 | Spread: 127.95%
[1:20:47 AM] Not enough DDD. Have: 9788, need: 10000
[1:20:47 AM] [216/96 swaps] Next in 120s
[1:22:47 AM] No price: OGC (LPs drained)
[1:22:47 AM] Prices: DDD $0.0004440102 | PKT $0.0002637870 | DHG $0.0001963474 | LGP $0.0001955428 | BTN $0.0001954803 | EGP $0.0001951231 | IGS $0.0001947814
[1:22:47 AM] High: DDD $0.0004440102 | Low: IGS $0.0001947814 | Spread: 127.95%
[1:22:47 AM] Not enough DDD. Have: 9788, need: 10000
[1:22:47 AM] [217/96 swaps] Next in 120s
[1:24:48 AM] No price: OGC (LPs drained)
[1:24:48 AM] Prices: DDD $0.0004440102 | PKT $0.0002637870 | DHG $0.0001963474 | LGP $0.0001955428 | BTN $0.0001954803 | EGP $0.0001951231 | IGS $0.0001947814
[1:24:48 AM] High: DDD $0.0004440102 | Low: IGS $0.0001947814 | Spread: 127.95%
[1:24:48 AM] Not enough DDD. Have: 9788, need: 10000
[1:24:48 AM] [218/96 swaps] Next in 120s
[1:26:48 AM] No price: OGC (LPs drained)
[1:26:48 AM] Prices: DDD $0.0004440102 | PKT $0.0002637870 | DHG $0.0001963474 | LGP $0.0001955428 | BTN $0.0001954803 | EGP $0.0001951231 | IGS $0.0001947814
[1:26:48 AM] High: DDD $0.0004440102 | Low: IGS $0.0001947814 | Spread: 127.95%
[1:26:48 AM] Not enough DDD. Have: 9788, need: 10000
[1:26:48 AM] [219/96 swaps] Next in 120s
[1:28:49 AM] No price: OGC (LPs drained)
[1:28:49 AM] Prices: DDD $0.0004440102 | PKT $0.0002637870 | DHG $0.0001963474 | LGP $0.0001955428 | BTN $0.0001954803 | EGP $0.0001951231 | IGS $0.0001947814
[1:28:49 AM] High: DDD $0.0004440102 | Low: IGS $0.0001947814 | Spread: 127.95%
[1:28:49 AM] Not enough DDD. Have: 9788, need: 10000
[1:28:49 AM] [220/96 swaps] Next in 120s
[1:30:49 AM] No price: OGC (LPs drained)
[1:30:49 AM] Prices: DDD $0.0004440102 | PKT $0.0002637870 | DHG $0.0001963474 | LGP $0.0001955428 | BTN $0.0001954803 | EGP $0.0001951231 | IGS $0.0001947814
[1:30:49 AM] High: DDD $0.0004440102 | Low: IGS $0.0001947814 | Spread: 127.95%
[1:30:49 AM] Not enough DDD. Have: 9788, need: 10000
[1:30:49 AM] [221/96 swaps] Next in 120s
[1:32:50 AM] No price: OGC (LPs drained)
[1:32:50 AM] Prices: DDD $0.0004440102 | PKT $0.0002637870 | DHG $0.0001963474 | LGP $0.0001955428 | BTN $0.0001954803 | EGP $0.0001951231 | IGS $0.0001947814
[1:32:50 AM] High: DDD $0.0004440102 | Low: IGS $0.0001947814 | Spread: 127.95%
[1:32:50 AM] Not enough DDD. Have: 9788, need: 10000
[1:32:50 AM] [222/96 swaps] Next in 120s
[1:34:50 AM] No price: OGC (LPs drained)
[1:34:50 AM] Prices: DDD $0.0004440102 | PKT $0.0002637870 | DHG $0.0001963474 | LGP $0.0001955428 | BTN $0.0001954803 | EGP $0.0001951231 | IGS $0.0001947814
[1:34:50 AM] High: DDD $0.0004440102 | Low: IGS $0.0001947814 | Spread: 127.95%
[1:34:50 AM] Not enough DDD. Have: 9788, need: 10000
[1:34:50 AM] [223/96 swaps] Next in 120s
[1:36:51 AM] No price: OGC (LPs drained)
[1:36:51 AM] Prices: DDD $0.0004440102 | PKT $0.0002637870 | DHG $0.0001963474 | LGP $0.0001955428 | BTN $0.0001954803 | EGP $0.0001951231 | IGS $0.0001947814
[1:36:51 AM] High: DDD $0.0004440102 | Low: IGS $0.0001947814 | Spread: 127.95%
[1:36:51 AM] Not enough DDD. Have: 9788, need: 10000
[1:36:51 AM] [224/96 swaps] Next in 120s
[1:38:51 AM] No price: OGC (LPs drained)
[1:38:51 AM] Prices: DDD $0.0004440102 | PKT $0.0002637870 | DHG $0.0001963474 | LGP $0.0001955428 | BTN $0.0001954803 | EGP $0.0001951231 | IGS $0.0001947814
[1:38:51 AM] High: DDD $0.0004440102 | Low: IGS $0.0001947814 | Spread: 127.95%
[1:38:51 AM] Not enough DDD. Have: 9788, need: 10000
[1:38:51 AM] [225/96 swaps] Next in 120s
[1:40:51 AM] ERROR: server response 503 Service Unavailable
[1:43:21 AM] ERROR: server response 503 Service Unavailable
[1:45:39 AM] ERROR: server response 503 Service Unavailable
[1:47:39 AM] No price: OGC (LPs drained)
[1:47:39 AM] Prices: DDD $0.0004440102 | PKT $0.0002637870 | DHG $0.0001963474 | LGP $0.0001955428 | BTN $0.0001954803 | EGP $0.0001951231 | IGS $0.0001947814
[1:47:39 AM] High: DDD $0.0004440102 | Low: IGS $0.0001947814 | Spread: 127.95%
[1:47:39 AM] Not enough DDD. Have: 9788, need: 10000
[1:47:39 AM] [229/96 swaps] Next in 120s
[1:49:40 AM] No price: OGC (LPs drained)
[1:49:40 AM] Prices: DDD $0.0004440102 | PKT $0.0002637870 | DHG $0.0001963474 | LGP $0.0001955428 | BTN $0.0001954803 | EGP $0.0001951231 | IGS $0.0001947814
[1:49:40 AM] High: DDD $0.0004440102 | Low: IGS $0.0001947814 | Spread: 127.95%
[1:49:40 AM] Not enough DDD. Have: 9788, need: 10000
[1:49:40 AM] [230/96 swaps] Next in 120s
[1:51:40 AM] No price: OGC (LPs drained)
[1:51:40 AM] Prices: DDD $0.0004440102 | PKT $0.0002637870 | DHG $0.0001963474 | LGP $0.0001955428 | BTN $0.0001954803 | EGP $0.0001951231 | IGS $0.0001947814
[1:51:40 AM] High: DDD $0.0004440102 | Low: IGS $0.0001947814 | Spread: 127.95%
[1:51:40 AM] Not enough DDD. Have: 9788, need: 10000
[1:51:40 AM] [231/96 swaps] Next in 120s
[1:53:41 AM] No price: OGC (LPs drained)
[1:53:41 AM] Prices: DDD $0.0004440102 | PKT $0.0002637870 | DHG $0.0001963474 | LGP $0.0001955428 | BTN $0.0001954803 | EGP $0.0001951231 | IGS $0.0001947814
[1:53:41 AM] High: DDD $0.0004440102 | Low: IGS $0.0001947814 | Spread: 127.95%
[1:53:41 AM] Not enough DDD. Have: 9788, need: 10000
[1:53:41 AM] [232/96 swaps] Next in 120s
[1:55:41 AM] No price: OGC (LPs drained)
[1:55:41 AM] Prices: DDD $0.0004440102 | PKT $0.0002637870 | DHG $0.0001963474 | LGP $0.0001955428 | BTN $0.0001954803 | EGP $0.0001951231 | IGS $0.0001947814
[1:55:41 AM] High: DDD $0.0004440102 | Low: IGS $0.0001947814 | Spread: 127.95%
[1:55:41 AM] Not enough DDD. Have: 9788, need: 10000
[1:55:41 AM] [233/96 swaps] Next in 120s
[1:57:41 AM] No price: OGC (LPs drained)
[1:57:41 AM] Prices: DDD $0.0004440102 | PKT $0.0002637870 | DHG $0.0001963474 | LGP $0.0001955428 | BTN $0.0001954803 | EGP $0.0001951231 | IGS $0.0001947814
[1:57:41 AM] High: DDD $0.0004440102 | Low: IGS $0.0001947814 | Spread: 127.95%
[1:57:41 AM] Not enough DDD. Have: 9788, need: 10000
[1:57:41 AM] [234/96 swaps] Next in 120s
[1:59:42 AM] No price: OGC (LPs drained)
[1:59:42 AM] Prices: DDD $0.0004440102 | PKT $0.0002637870 | DHG $0.0001963474 | LGP $0.0001955428 | BTN $0.0001954803 | EGP $0.0001951231 | IGS $0.0001947814
[1:59:42 AM] High: DDD $0.0004440102 | Low: IGS $0.0001947814 | Spread: 127.95%
[1:59:42 AM] Not enough DDD. Have: 9788, need: 10000
[1:59:42 AM] [235/96 swaps] Next in 120s
[2:01:42 AM] No price: OGC (LPs drained)
[2:01:42 AM] Prices: DDD $0.0004440102 | PKT $0.0002637870 | DHG $0.0001963474 | LGP $0.0001955428 | BTN $0.0001954803 | EGP $0.0001951231 | IGS $0.0001947814
[2:01:42 AM] High: DDD $0.0004440102 | Low: IGS $0.0001947814 | Spread: 127.95%
[2:01:42 AM] Not enough DDD. Have: 9788, need: 10000
[2:01:42 AM] [236/96 swaps] Next in 120s
[2:03:43 AM] No price: OGC (LPs drained)
[2:03:43 AM] Prices: DDD $0.0004440102 | PKT $0.0002637870 | DHG $0.0001963474 | LGP $0.0001955428 | BTN $0.0001954803 | EGP $0.0001951231 | IGS $0.0001947814
[2:03:43 AM] High: DDD $0.0004440102 | Low: IGS $0.0001947814 | Spread: 127.95%
[2:03:43 AM] Not enough DDD. Have: 9788, need: 10000
[2:03:43 AM] [237/96 swaps] Next in 120s
[2:05:43 AM] No price: OGC (LPs drained)
[2:05:43 AM] Prices: DDD $0.0004440102 | PKT $0.0002637870 | DHG $0.0001963474 | LGP $0.0001955428 | BTN $0.0001954803 | EGP $0.0001951231 | IGS $0.0001947814
[2:05:43 AM] High: DDD $0.0004440102 | Low: IGS $0.0001947814 | Spread: 127.95%
[2:05:44 AM] Not enough DDD. Have: 9788, need: 10000
[2:05:44 AM] [238/96 swaps] Next in 120s
[2:07:44 AM] No price: OGC (LPs drained)
[2:07:44 AM] Prices: DDD $0.0004440102 | PKT $0.0002637870 | DHG $0.0001963474 | LGP $0.0001955428 | BTN $0.0001954803 | EGP $0.0001951231 | IGS $0.0001947814
[2:07:44 AM] High: DDD $0.0004440102 | Low: IGS $0.0001947814 | Spread: 127.95%
[2:07:44 AM] Not enough DDD. Have: 9788, need: 10000
[2:07:44 AM] [239/96 swaps] Next in 120s
[2:09:44 AM] No price: OGC (LPs drained)
[2:09:44 AM] Prices: DDD $0.0004440102 | PKT $0.0002637870 | DHG $0.0001963474 | LGP $0.0001955428 | BTN $0.0001954803 | EGP $0.0001951231 | IGS $0.0001947814
[2:09:44 AM] High: DDD $0.0004440102 | Low: IGS $0.0001947814 | Spread: 127.95%
[2:09:44 AM] Not enough DDD. Have: 9788, need: 10000
[2:09:44 AM] [240/96 swaps] Next in 120s
[2:11:45 AM] No price: OGC (LPs drained)
[2:11:45 AM] Prices: DDD $0.0004440102 | PKT $0.0002637870 | DHG $0.0001963474 | LGP $0.0001955428 | BTN $0.0001954803 | EGP $0.0001951231 | IGS $0.0001947814
[2:11:45 AM] High: DDD $0.0004440102 | Low: IGS $0.0001947814 | Spread: 127.95%
[2:11:45 AM] Not enough DDD. Have: 9788, need: 10000
[2:11:45 AM] [241/96 swaps] Next in 120s
[2:13:45 AM] No price: OGC (LPs drained)
[2:13:45 AM] Prices: DDD $0.0004440102 | PKT $0.0002637870 | DHG $0.0001963474 | LGP $0.0001955428 | BTN $0.0001954803 | EGP $0.0001951231 | IGS $0.0001947814
[2:13:45 AM] High: DDD $0.0004440102 | Low: IGS $0.0001947814 | Spread: 127.95%
[2:13:45 AM] Not enough DDD. Have: 9788, need: 10000
[2:13:45 AM] [242/96 swaps] Next in 120s
[2:15:46 AM] No price: OGC (LPs drained)
[2:15:46 AM] Prices: DDD $0.0004440102 | PKT $0.0002637870 | DHG $0.0001963474 | LGP $0.0001955428 | BTN $0.0001954803 | EGP $0.0001951231 | IGS $0.0001947814
[2:15:46 AM] High: DDD $0.0004440102 | Low: IGS $0.0001947814 | Spread: 127.95%
[2:15:46 AM] Not enough DDD. Have: 9788, need: 10000
[2:15:46 AM] [243/96 swaps] Next in 120s
[2:17:46 AM] No price: OGC (LPs drained)
[2:17:46 AM] Prices: DDD $0.0004440102 | PKT $0.0002637870 | DHG $0.0001963474 | LGP $0.0001955428 | BTN $0.0001954803 | EGP $0.0001951231 | IGS $0.0001947814
[2:17:46 AM] High: DDD $0.0004440102 | Low: IGS $0.0001947814 | Spread: 127.95%
[2:17:46 AM] Not enough DDD. Have: 9788, need: 10000
[2:17:46 AM] [244/96 swaps] Next in 120s
[2:19:47 AM] No price: OGC (LPs drained)
[2:19:47 AM] Prices: DDD $0.0004440102 | PKT $0.0002637870 | DHG $0.0001963474 | LGP $0.0001955428 | BTN $0.0001954803 | EGP $0.0001951231 | IGS $0.0001947814
[2:19:47 AM] High: DDD $0.0004440102 | Low: IGS $0.0001947814 | Spread: 127.95%
[2:19:47 AM] Not enough DDD. Have: 9788, need: 10000
[2:19:47 AM] [245/96 swaps] Next in 120s
[2:21:47 AM] No price: OGC (LPs drained)
[2:21:47 AM] Prices: DDD $0.0004440102 | PKT $0.0002637870 | DHG $0.0001963474 | LGP $0.0001955428 | BTN $0.0001954803 | EGP $0.0001951231 | IGS $0.0001947814
[2:21:47 AM] High: DDD $0.0004440102 | Low: IGS $0.0001947814 | Spread: 127.95%
[2:21:47 AM] Not enough DDD. Have: 9788, need: 10000
[2:21:47 AM] [246/96 swaps] Next in 120s
[2:23:47 AM] No price: OGC (LPs drained)
[2:23:47 AM] Prices: DDD $0.0004440102 | PKT $0.0002637870 | DHG $0.0001963474 | LGP $0.0001955428 | BTN $0.0001954803 | EGP $0.0001951231 | IGS $0.0001947814
[2:23:47 AM] High: DDD $0.0004440102 | Low: IGS $0.0001947814 | Spread: 127.95%
[2:23:48 AM] Not enough DDD. Have: 9788, need: 10000
[2:23:48 AM] [247/96 swaps] Next in 120s
[2:25:48 AM] No price: OGC (LPs drained)
[2:25:48 AM] Prices: DDD $0.0004440102 | PKT $0.0002637870 | DHG $0.0001963474 | LGP $0.0001955428 | BTN $0.0001954803 | EGP $0.0001951231 | IGS $0.0001947814
[2:25:48 AM] High: DDD $0.0004440102 | Low: IGS $0.0001947814 | Spread: 127.95%
[2:25:48 AM] Not enough DDD. Have: 9788, need: 10000
[2:25:48 AM] [248/96 swaps] Next in 120s
[2:27:48 AM] No price: OGC (LPs drained)
[2:27:48 AM] Prices: DDD $0.0004440102 | PKT $0.0002637870 | DHG $0.0001963474 | LGP $0.0001955428 | BTN $0.0001954803 | EGP $0.0001951231 | IGS $0.0001947814
[2:27:48 AM] High: DDD $0.0004440102 | Low: IGS $0.0001947814 | Spread: 127.95%
[2:27:48 AM] Not enough DDD. Have: 9788, need: 10000
[2:27:48 AM] [249/96 swaps] Next in 120s
[2:29:49 AM] No price: OGC (LPs drained)
[2:29:49 AM] Prices: DDD $0.0004440102 | PKT $0.0002637870 | DHG $0.0001963474 | LGP $0.0001955428 | BTN $0.0001954803 | EGP $0.0001951231 | IGS $0.0001947814
[2:29:49 AM] High: DDD $0.0004440102 | Low: IGS $0.0001947814 | Spread: 127.95%
[2:29:49 AM] Not enough DDD. Have: 9788, need: 10000
[2:29:49 AM] [250/96 swaps] Next in 120s
[2:31:49 AM] No price: OGC (LPs drained)
[2:31:49 AM] Prices: DDD $0.0004440102 | PKT $0.0002637870 | DHG $0.0001963474 | LGP $0.0001955428 | BTN $0.0001954803 | EGP $0.0001951231 | IGS $0.0001947814
[2:31:49 AM] High: DDD $0.0004440102 | Low: IGS $0.0001947814 | Spread: 127.95%
[2:31:50 AM] Not enough DDD. Have: 9788, need: 10000
[2:31:50 AM] [251/96 swaps] Next in 120s
[2:33:50 AM] No price: OGC (LPs drained)
[2:33:50 AM] Prices: DDD $0.0004440102 | PKT $0.0002637870 | DHG $0.0001963474 | LGP $0.0001955428 | BTN $0.0001954803 | EGP $0.0001951231 | IGS $0.0001947814
[2:33:50 AM] High: DDD $0.0004440102 | Low: IGS $0.0001947814 | Spread: 127.95%
[2:33:50 AM] Not enough DDD. Have: 9788, need: 10000
[2:33:50 AM] [252/96 swaps] Next in 120s
[2:35:50 AM] No price: OGC (LPs drained)
[2:35:50 AM] Prices: DDD $0.0004440102 | PKT $0.0002637870 | DHG $0.0001963474 | LGP $0.0001955428 | BTN $0.0001954803 | EGP $0.0001951231 | IGS $0.0001947814
[2:35:50 AM] High: DDD $0.0004440102 | Low: IGS $0.0001947814 | Spread: 127.95%
[2:35:50 AM] Not enough DDD. Have: 9788, need: 10000
[2:35:50 AM] [253/96 swaps] Next in 120s
[2:37:51 AM] No price: OGC (LPs drained)
[2:37:51 AM] Prices: DDD $0.0004440102 | PKT $0.0002637870 | DHG $0.0001963474 | LGP $0.0001955428 | BTN $0.0001954803 | EGP $0.0001951231 | IGS $0.0001947814
[2:37:51 AM] High: DDD $0.0004440102 | Low: IGS $0.0001947814 | Spread: 127.95%
[2:37:51 AM] Not enough DDD. Have: 9788, need: 10000
[2:37:51 AM] [254/96 swaps] Next in 120s
[2:39:51 AM] No price: OGC (LPs drained)
[2:39:51 AM] Prices: DDD $0.0004440102 | PKT $0.0002637870 | DHG $0.0001963474 | LGP $0.0001955428 | BTN $0.0001954803 | EGP $0.0001951231 | IGS $0.0001947814
[2:39:51 AM] High: DDD $0.0004440102 | Low: IGS $0.0001947814 | Spread: 127.95%
[2:39:51 AM] Not enough DDD. Have: 9788, need: 10000
[2:39:51 AM] [255/96 swaps] Next in 120s
[2:41:52 AM] No price: OGC (LPs drained)
[2:41:52 AM] Prices: DDD $0.0004440102 | PKT $0.0002637870 | DHG $0.0001963474 | LGP $0.0001955428 | BTN $0.0001954803 | EGP $0.0001951231 | IGS $0.0001947814
[2:41:52 AM] High: DDD $0.0004440102 | Low: IGS $0.0001947814 | Spread: 127.95%
[2:41:52 AM] Not enough DDD. Have: 9788, need: 10000
[2:41:52 AM] [256/96 swaps] Next in 120s
[2:43:52 AM] No price: OGC (LPs drained)
[2:43:52 AM] Prices: DDD $0.0004440102 | PKT $0.0002637870 | DHG $0.0001963474 | LGP $0.0001955428 | BTN $0.0001954803 | EGP $0.0001951231 | IGS $0.0001947814
[2:43:52 AM] High: DDD $0.0004440102 | Low: IGS $0.0001947814 | Spread: 127.95%
[2:43:52 AM] Not enough DDD. Have: 9788, need: 10000
[2:43:52 AM] [257/96 swaps] Next in 120s
[2:45:53 AM] No price: OGC (LPs drained)
[2:45:53 AM] Prices: DDD $0.0004440102 | PKT $0.0002637870 | DHG $0.0001963474 | LGP $0.0001955428 | BTN $0.0001954803 | EGP $0.0001951231 | IGS $0.0001947814
[2:45:53 AM] High: DDD $0.0004440102 | Low: IGS $0.0001947814 | Spread: 127.95%
[2:45:53 AM] Not enough DDD. Have: 9788, need: 10000
[2:45:53 AM] [258/96 swaps] Next in 120s
[2:47:53 AM] No price: OGC (LPs drained)
[2:47:53 AM] Prices: DDD $0.0004440102 | PKT $0.0002637870 | DHG $0.0001963474 | LGP $0.0001955428 | BTN $0.0001954803 | EGP $0.0001951231 | IGS $0.0001947814
[2:47:53 AM] High: DDD $0.0004440102 | Low: IGS $0.0001947814 | Spread: 127.95%
[2:47:53 AM] Not enough DDD. Have: 9788, need: 10000
[2:47:53 AM] [259/96 swaps] Next in 120s
[2:49:54 AM] No price: OGC (LPs drained)
[2:49:54 AM] Prices: DDD $0.0004440102 | PKT $0.0002637870 | DHG $0.0001963474 | LGP $0.0001955428 | BTN $0.0001954803 | EGP $0.0001951231 | IGS $0.0001947814
[2:49:54 AM] High: DDD $0.0004440102 | Low: IGS $0.0001947814 | Spread: 127.95%
[2:49:54 AM] Not enough DDD. Have: 9788, need: 10000
[2:49:54 AM] [260/96 swaps] Next in 120s
[2:51:54 AM] No price: OGC (LPs drained)
[2:51:54 AM] Prices: DDD $0.0004440102 | PKT $0.0002637870 | DHG $0.0001963474 | LGP $0.0001955428 | BTN $0.0001954803 | EGP $0.0001951231 | IGS $0.0001947814
[2:51:54 AM] High: DDD $0.0004440102 | Low: IGS $0.0001947814 | Spread: 127.95%
[2:51:54 AM] Not enough DDD. Have: 9788, need: 10000
[2:51:54 AM] [261/96 swaps] Next in 120s
[2:53:55 AM] No price: OGC (LPs drained)
[2:53:55 AM] Prices: DDD $0.0004440102 | PKT $0.0002637870 | DHG $0.0001963474 | LGP $0.0001955428 | BTN $0.0001954803 | EGP $0.0001951231 | IGS $0.0001947814
[2:53:55 AM] High: DDD $0.0004440102 | Low: IGS $0.0001947814 | Spread: 127.95%
[2:53:55 AM] Not enough DDD. Have: 9788, need: 10000
[2:53:55 AM] [262/96 swaps] Next in 120s
[2:55:55 AM] No price: OGC (LPs drained)
[2:55:55 AM] Prices: DDD $0.0004440102 | PKT $0.0002637870 | DHG $0.0001963474 | LGP $0.0001955428 | BTN $0.0001954803 | EGP $0.0001951231 | IGS $0.0001947814
[2:55:55 AM] High: DDD $0.0004440102 | Low: IGS $0.0001947814 | Spread: 127.95%
[2:55:55 AM] Not enough DDD. Have: 9788, need: 10000
[2:55:55 AM] [263/96 swaps] Next in 120s
[2:57:56 AM] No price: OGC (LPs drained)
[2:57:56 AM] Prices: DDD $0.0004440102 | PKT $0.0002637870 | DHG $0.0001963474 | LGP $0.0001955428 | BTN $0.0001954803 | EGP $0.0001951231 | IGS $0.0001947814
[2:57:56 AM] High: DDD $0.0004440102 | Low: IGS $0.0001947814 | Spread: 127.95%
[2:57:56 AM] Not enough DDD. Have: 9788, need: 10000
[2:57:56 AM] [264/96 swaps] Next in 120s
[2:59:56 AM] No price: OGC (LPs drained)
[2:59:56 AM] Prices: DDD $0.0004440102 | PKT $0.0002637870 | DHG $0.0001963474 | LGP $0.0001955428 | BTN $0.0001954803 | EGP $0.0001951231 | IGS $0.0001947814
[2:59:56 AM] High: DDD $0.0004440102 | Low: IGS $0.0001947814 | Spread: 127.95%
[2:59:56 AM] Not enough DDD. Have: 9788, need: 10000
[2:59:56 AM] [265/96 swaps] Next in 120s
[3:01:57 AM] No price: OGC (LPs drained)
[3:01:57 AM] Prices: DDD $0.0004440102 | PKT $0.0002637870 | DHG $0.0001963474 | LGP $0.0001955428 | BTN $0.0001954803 | EGP $0.0001951231 | IGS $0.0001947814
[3:01:57 AM] High: DDD $0.0004440102 | Low: IGS $0.0001947814 | Spread: 127.95%
[3:01:57 AM] Not enough DDD. Have: 9788, need: 10000
[3:01:57 AM] [266/96 swaps] Next in 120s
[3:03:57 AM] No price: OGC (LPs drained)
[3:03:57 AM] Prices: DDD $0.0004440102 | PKT $0.0002637870 | DHG $0.0001963474 | LGP $0.0001955428 | BTN $0.0001954803 | EGP $0.0001951231 | IGS $0.0001947814
[3:03:57 AM] High: DDD $0.0004440102 | Low: IGS $0.0001947814 | Spread: 127.95%
[3:03:57 AM] Not enough DDD. Have: 9788, need: 10000
[3:03:57 AM] [267/96 swaps] Next in 120s
[3:05:57 AM] No price: OGC (LPs drained)
[3:05:57 AM] Prices: DDD $0.0004440102 | PKT $0.0002637870 | DHG $0.0001963474 | LGP $0.0001955428 | BTN $0.0001954803 | EGP $0.0001951231 | IGS $0.0001947814
[3:05:57 AM] High: DDD $0.0004440102 | Low: IGS $0.0001947814 | Spread: 127.95%
[3:05:57 AM] Not enough DDD. Have: 9788, need: 10000
[3:05:57 AM] [268/96 swaps] Next in 120s
[3:07:58 AM] No price: OGC (LPs drained)
[3:07:58 AM] Prices: DDD $0.0004440102 | PKT $0.0002637870 | DHG $0.0001963474 | LGP $0.0001955428 | BTN $0.0001954803 | EGP $0.0001951231 | IGS $0.0001947814
[3:07:58 AM] High: DDD $0.0004440102 | Low: IGS $0.0001947814 | Spread: 127.95%
[3:07:58 AM] Not enough DDD. Have: 9788, need: 10000
[3:07:58 AM] [269/96 swaps] Next in 120s
[3:09:58 AM] No price: OGC (LPs drained)
[3:09:58 AM] Prices: DDD $0.0004440102 | PKT $0.0002637870 | DHG $0.0001963474 | LGP $0.0001955428 | BTN $0.0001954803 | EGP $0.0001951231 | IGS $0.0001947814
[3:09:58 AM] High: DDD $0.0004440102 | Low: IGS $0.0001947814 | Spread: 127.95%
[3:09:58 AM] Not enough DDD. Have: 9788, need: 10000
[3:09:58 AM] [270/96 swaps] Next in 120s
[3:11:59 AM] No price: OGC (LPs drained)
[3:11:59 AM] Prices: DDD $0.0004440102 | PKT $0.0002637870 | DHG $0.0001963474 | LGP $0.0001955428 | BTN $0.0001954803 | EGP $0.0001951231 | IGS $0.0001947814
[3:11:59 AM] High: DDD $0.0004440102 | Low: IGS $0.0001947814 | Spread: 127.95%
[3:11:59 AM] Not enough DDD. Have: 9788, need: 10000
[3:11:59 AM] [271/96 swaps] Next in 120s
[3:13:59 AM] No price: OGC (LPs drained)
[3:13:59 AM] Prices: DDD $0.0004440102 | PKT $0.0002637870 | DHG $0.0001963474 | LGP $0.0001955428 | BTN $0.0001954803 | EGP $0.0001951231 | IGS $0.0001947814
[3:13:59 AM] High: DDD $0.0004440102 | Low: IGS $0.0001947814 | Spread: 127.95%
[3:13:59 AM] Not enough DDD. Have: 9788, need: 10000
[3:13:59 AM] [272/96 swaps] Next in 120s
[3:16:00 AM] No price: OGC (LPs drained)
[3:16:00 AM] Prices: DDD $0.0004440102 | PKT $0.0002637870 | DHG $0.0001963474 | LGP $0.0001955428 | BTN $0.0001954803 | EGP $0.0001951231 | IGS $0.0001947814
[3:16:00 AM] High: DDD $0.0004440102 | Low: IGS $0.0001947814 | Spread: 127.95%
[3:16:00 AM] Not enough DDD. Have: 9788, need: 10000
[3:16:00 AM] [273/96 swaps] Next in 120s
[3:18:00 AM] No price: OGC (LPs drained)
[3:18:00 AM] Prices: DDD $0.0004440102 | PKT $0.0002637870 | DHG $0.0001963474 | LGP $0.0001955428 | BTN $0.0001954803 | EGP $0.0001951231 | IGS $0.0001947814
[3:18:00 AM] High: DDD $0.0004440102 | Low: IGS $0.0001947814 | Spread: 127.95%
[3:18:00 AM] Not enough DDD. Have: 9788, need: 10000
[3:18:00 AM] [274/96 swaps] Next in 120s
[3:20:01 AM] No price: OGC (LPs drained)
[3:20:01 AM] Prices: DDD $0.0004440102 | PKT $0.0002637870 | DHG $0.0001963474 | LGP $0.0001955428 | BTN $0.0001954803 | EGP $0.0001951231 | IGS $0.0001947814
[3:20:01 AM] High: DDD $0.0004440102 | Low: IGS $0.0001947814 | Spread: 127.95%
[3:20:01 AM] Not enough DDD. Have: 9788, need: 10000
[3:20:01 AM] [275/96 swaps] Next in 120s
[3:22:01 AM] No price: OGC (LPs drained)
[3:22:01 AM] Prices: DDD $0.0004440102 | PKT $0.0002637870 | DHG $0.0001963474 | LGP $0.0001955428 | BTN $0.0001954803 | EGP $0.0001951231 | IGS $0.0001947814
[3:22:01 AM] High: DDD $0.0004440102 | Low: IGS $0.0001947814 | Spread: 127.95%
[3:22:01 AM] Not enough DDD. Have: 9788, need: 10000
[3:22:01 AM] [276/96 swaps] Next in 120s
[3:24:02 AM] No price: OGC (LPs drained)
[3:24:02 AM] Prices: DDD $0.0004440102 | PKT $0.0002637870 | DHG $0.0001963474 | LGP $0.0001955428 | BTN $0.0001954803 | EGP $0.0001951231 | IGS $0.0001947814
[3:24:02 AM] High: DDD $0.0004440102 | Low: IGS $0.0001947814 | Spread: 127.95%
[3:24:02 AM] Not enough DDD. Have: 9788, need: 10000
[3:24:02 AM] [277/96 swaps] Next in 120s
[3:26:02 AM] No price: OGC (LPs drained)
[3:26:02 AM] Prices: DDD $0.0004440102 | PKT $0.0002637870 | DHG $0.0001963474 | LGP $0.0001955428 | BTN $0.0001954803 | EGP $0.0001951231 | IGS $0.0001947814
[3:26:02 AM] High: DDD $0.0004440102 | Low: IGS $0.0001947814 | Spread: 127.95%
[3:26:02 AM] Not enough DDD. Have: 9788, need: 10000
[3:26:02 AM] [278/96 swaps] Next in 120s
[3:28:03 AM] No price: OGC (LPs drained)
[3:28:03 AM] Prices: DDD $0.0004440102 | PKT $0.0002637870 | DHG $0.0001963474 | LGP $0.0001955428 | BTN $0.0001954803 | EGP $0.0001951231 | IGS $0.0001947814
[3:28:03 AM] High: DDD $0.0004440102 | Low: IGS $0.0001947814 | Spread: 127.95%
[3:28:03 AM] Not enough DDD. Have: 9788, need: 10000
[3:28:03 AM] [279/96 swaps] Next in 120s
[3:30:03 AM] No price: OGC (LPs drained)
[3:30:03 AM] Prices: DDD $0.0004440102 | PKT $0.0002637870 | DHG $0.0001963474 | LGP $0.0001955428 | BTN $0.0001954803 | EGP $0.0001951231 | IGS $0.0001947814
[3:30:03 AM] High: DDD $0.0004440102 | Low: IGS $0.0001947814 | Spread: 127.95%
[3:30:03 AM] Not enough DDD. Have: 9788, need: 10000
[3:30:03 AM] [280/96 swaps] Next in 120s
[3:32:04 AM] No price: OGC (LPs drained)
[3:32:04 AM] Prices: DDD $0.0004440102 | PKT $0.0002637870 | DHG $0.0001963474 | LGP $0.0001955428 | BTN $0.0001954803 | EGP $0.0001951231 | IGS $0.0001947814
[3:32:04 AM] High: DDD $0.0004440102 | Low: IGS $0.0001947814 | Spread: 127.95%
[3:32:04 AM] Not enough DDD. Have: 9788, need: 10000
[3:32:04 AM] [281/96 swaps] Next in 120s
[3:34:04 AM] No price: OGC (LPs drained)
[3:34:04 AM] Prices: DDD $0.0004440102 | PKT $0.0002637870 | DHG $0.0001963474 | LGP $0.0001955428 | BTN $0.0001954803 | EGP $0.0001951231 | IGS $0.0001947814
[3:34:04 AM] High: DDD $0.0004440102 | Low: IGS $0.0001947814 | Spread: 127.95%
[3:34:04 AM] Not enough DDD. Have: 9788, need: 10000
[3:34:04 AM] [282/96 swaps] Next in 120s
[3:36:05 AM] No price: OGC (LPs drained)
[3:36:05 AM] Prices: DDD $0.0004440102 | PKT $0.0002637870 | DHG $0.0001963474 | LGP $0.0001955428 | BTN $0.0001954803 | EGP $0.0001951231 | IGS $0.0001947814
[3:36:05 AM] High: DDD $0.0004440102 | Low: IGS $0.0001947814 | Spread: 127.95%
[3:36:05 AM] Not enough DDD. Have: 9788, need: 10000
[3:36:05 AM] [283/96 swaps] Next in 120s
[3:38:05 AM] No price: OGC (LPs drained)
[3:38:05 AM] Prices: DDD $0.0004440102 | PKT $0.0002637870 | DHG $0.0001963474 | LGP $0.0001955428 | BTN $0.0001954803 | EGP $0.0001951231 | IGS $0.0001947814
[3:38:05 AM] High: DDD $0.0004440102 | Low: IGS $0.0001947814 | Spread: 127.95%
[3:38:05 AM] Not enough DDD. Have: 9788, need: 10000
[3:38:05 AM] [284/96 swaps] Next in 120s
[3:40:05 AM] No price: OGC (LPs drained)
[3:40:05 AM] Prices: DDD $0.0004440102 | PKT $0.0002637870 | DHG $0.0001963474 | LGP $0.0001955428 | BTN $0.0001954803 | EGP $0.0001951231 | IGS $0.0001947814
[3:40:05 AM] High: DDD $0.0004440102 | Low: IGS $0.0001947814 | Spread: 127.95%
[3:40:05 AM] Not enough DDD. Have: 9788, need: 10000
[3:40:05 AM] [285/96 swaps] Next in 120s
[3:42:06 AM] No price: OGC (LPs drained)
[3:42:06 AM] Prices: DDD $0.0004440102 | PKT $0.0002637870 | DHG $0.0001963474 | LGP $0.0001955428 | BTN $0.0001954803 | EGP $0.0001951231 | IGS $0.0001947814
[3:42:06 AM] High: DDD $0.0004440102 | Low: IGS $0.0001947814 | Spread: 127.95%
[3:42:06 AM] Not enough DDD. Have: 9788, need: 10000
[3:42:06 AM] [286/96 swaps] Next in 120s
[3:44:06 AM] No price: OGC (LPs drained)
[3:44:06 AM] Prices: DDD $0.0004440102 | PKT $0.0002637870 | DHG $0.0001963474 | LGP $0.0001955428 | BTN $0.0001954803 | EGP $0.0001951231 | IGS $0.0001947814
[3:44:06 AM] High: DDD $0.0004440102 | Low: IGS $0.0001947814 | Spread: 127.95%
[3:44:06 AM] Not enough DDD. Have: 9788, need: 10000
[3:44:06 AM] [287/96 swaps] Next in 120s
[3:46:07 AM] No price: OGC (LPs drained)
[3:46:07 AM] Prices: DDD $0.0004440102 | PKT $0.0002637870 | DHG $0.0001963474 | LGP $0.0001955428 | BTN $0.0001954803 | EGP $0.0001951231 | IGS $0.0001947814
[3:46:07 AM] High: DDD $0.0004440102 | Low: IGS $0.0001947814 | Spread: 127.95%
[3:46:07 AM] Not enough DDD. Have: 9788, need: 10000
[3:46:07 AM] [288/96 swaps] Next in 120s
[3:48:07 AM] No price: OGC (LPs drained)
[3:48:07 AM] Prices: DDD $0.0004440102 | PKT $0.0002637870 | DHG $0.0001963474 | LGP $0.0001955428 | BTN $0.0001954803 | EGP $0.0001951231 | IGS $0.0001947814
[3:48:07 AM] High: DDD $0.0004440102 | Low: IGS $0.0001947814 | Spread: 127.95%
[3:48:07 AM] Not enough DDD. Have: 9788, need: 10000
[3:48:07 AM] [289/96 swaps] Next in 120s
[3:50:08 AM] No price: OGC (LPs drained)
[3:50:08 AM] Prices: DDD $0.0004440102 | PKT $0.0002637870 | DHG $0.0001963474 | LGP $0.0001955428 | BTN $0.0001954803 | EGP $0.0001951231 | IGS $0.0001947814
[3:50:08 AM] High: DDD $0.0004440102 | Low: IGS $0.0001947814 | Spread: 127.95%
[3:50:08 AM] Not enough DDD. Have: 9788, need: 10000
[3:50:08 AM] [290/96 swaps] Next in 120s
[3:52:08 AM] No price: OGC (LPs drained)
[3:52:08 AM] Prices: DDD $0.0004440102 | PKT $0.0002637870 | DHG $0.0001963474 | LGP $0.0001955428 | BTN $0.0001954803 | EGP $0.0001951231 | IGS $0.0001947814
[3:52:08 AM] High: DDD $0.0004440102 | Low: IGS $0.0001947814 | Spread: 127.95%
[3:52:08 AM] Not enough DDD. Have: 9788, need: 10000
[3:52:08 AM] [291/96 swaps] Next in 120s
[3:54:09 AM] No price: OGC (LPs drained)
[3:54:09 AM] Prices: DDD $0.0004440102 | PKT $0.0002637870 | DHG $0.0001963474 | LGP $0.0001955428 | BTN $0.0001954803 | EGP $0.0001951231 | IGS $0.0001947814
[3:54:09 AM] High: DDD $0.0004440102 | Low: IGS $0.0001947814 | Spread: 127.95%
[3:54:09 AM] Not enough DDD. Have: 9788, need: 10000
[3:54:09 AM] [292/96 swaps] Next in 120s
[3:56:09 AM] No price: OGC (LPs drained)
[3:56:09 AM] Prices: DDD $0.0004440102 | PKT $0.0002637870 | DHG $0.0001963474 | LGP $0.0001955428 | BTN $0.0001954803 | EGP $0.0001951231 | IGS $0.0001947814
[3:56:09 AM] High: DDD $0.0004440102 | Low: IGS $0.0001947814 | Spread: 127.95%
[3:56:09 AM] Not enough DDD. Have: 9788, need: 10000
[3:56:09 AM] [293/96 swaps] Next in 120s
[3:58:10 AM] No price: OGC (LPs drained)
[3:58:10 AM] Prices: DDD $0.0004440102 | PKT $0.0002637870 | DHG $0.0001963474 | LGP $0.0001955428 | BTN $0.0001954803 | EGP $0.0001951231 | IGS $0.0001947814
[3:58:10 AM] High: DDD $0.0004440102 | Low: IGS $0.0001947814 | Spread: 127.95%
[3:58:10 AM] Not enough DDD. Have: 9788, need: 10000
[3:58:10 AM] [294/96 swaps] Next in 120s
[4:00:10 AM] No price: OGC (LPs drained)
[4:00:10 AM] Prices: DDD $0.0004440102 | PKT $0.0002637870 | DHG $0.0001963474 | LGP $0.0001955428 | BTN $0.0001954803 | EGP $0.0001951231 | IGS $0.0001947814
[4:00:10 AM] High: DDD $0.0004440102 | Low: IGS $0.0001947814 | Spread: 127.95%
[4:00:10 AM] Not enough DDD. Have: 9788, need: 10000
[4:00:10 AM] [295/96 swaps] Next in 120s
[4:02:11 AM] No price: OGC (LPs drained)
[4:02:11 AM] Prices: DDD $0.0004440102 | PKT $0.0002637870 | DHG $0.0001963474 | LGP $0.0001955428 | BTN $0.0001954803 | EGP $0.0001951231 | IGS $0.0001947814
[4:02:11 AM] High: DDD $0.0004440102 | Low: IGS $0.0001947814 | Spread: 127.95%
[4:02:11 AM] Not enough DDD. Have: 9788, need: 10000
[4:02:11 AM] [296/96 swaps] Next in 120s
[4:04:11 AM] No price: OGC (LPs drained)
[4:04:11 AM] Prices: DDD $0.0004440102 | PKT $0.0002637870 | DHG $0.0001963474 | LGP $0.0001955428 | BTN $0.0001954803 | EGP $0.0001951231 | IGS $0.0001947814
[4:04:11 AM] High: DDD $0.0004440102 | Low: IGS $0.0001947814 | Spread: 127.95%
[4:04:11 AM] Not enough DDD. Have: 9788, need: 10000
[4:04:11 AM] [297/96 swaps] Next in 120s
[4:06:12 AM] No price: OGC (LPs drained)
[4:06:12 AM] Prices: DDD $0.0004440102 | PKT $0.0002637870 | DHG $0.0001963474 | LGP $0.0001955428 | BTN $0.0001954803 | EGP $0.0001951231 | IGS $0.0001947814
[4:06:12 AM] High: DDD $0.0004440102 | Low: IGS $0.0001947814 | Spread: 127.95%
[4:06:12 AM] Not enough DDD. Have: 9788, need: 10000
[4:06:12 AM] [298/96 swaps] Next in 120s
[4:08:12 AM] No price: OGC (LPs drained)
[4:08:12 AM] Prices: DDD $0.0004440102 | PKT $0.0002637870 | DHG $0.0001963474 | LGP $0.0001955428 | BTN $0.0001954803 | EGP $0.0001951231 | IGS $0.0001947814
[4:08:12 AM] High: DDD $0.0004440102 | Low: IGS $0.0001947814 | Spread: 127.95%
[4:08:12 AM] Not enough DDD. Have: 9788, need: 10000
[4:08:12 AM] [299/96 swaps] Next in 120s
[4:10:13 AM] No price: OGC (LPs drained)
[4:10:13 AM] Prices: DDD $0.0004440102 | PKT $0.0002637870 | DHG $0.0001963474 | LGP $0.0001955428 | BTN $0.0001954803 | EGP $0.0001951231 | IGS $0.0001947814
[4:10:13 AM] High: DDD $0.0004440102 | Low: IGS $0.0001947814 | Spread: 127.95%
[4:10:13 AM] Not enough DDD. Have: 9788, need: 10000
[4:10:13 AM] [300/96 swaps] Next in 120s
[4:12:13 AM] No price: OGC (LPs drained)
[4:12:13 AM] Prices: DDD $0.0004440102 | PKT $0.0002637870 | DHG $0.0001963474 | LGP $0.0001955428 | BTN $0.0001954803 | EGP $0.0001951231 | IGS $0.0001947814
[4:12:13 AM] High: DDD $0.0004440102 | Low: IGS $0.0001947814 | Spread: 127.95%
[4:12:13 AM] Not enough DDD. Have: 9788, need: 10000
[4:12:13 AM] [301/96 swaps] Next in 120s
[4:14:14 AM] No price: OGC (LPs drained)
[4:14:14 AM] Prices: DDD $0.0004440102 | PKT $0.0002637870 | DHG $0.0001963474 | LGP $0.0001955428 | BTN $0.0001954803 | EGP $0.0001951231 | IGS $0.0001947814
[4:14:14 AM] High: DDD $0.0004440102 | Low: IGS $0.0001947814 | Spread: 127.95%
[4:14:14 AM] Not enough DDD. Have: 9788, need: 10000
[4:14:14 AM] [302/96 swaps] Next in 120s
[4:16:14 AM] No price: OGC (LPs drained)
[4:16:14 AM] Prices: DDD $0.0004440102 | PKT $0.0002637870 | DHG $0.0001963474 | LGP $0.0001955428 | BTN $0.0001954803 | EGP $0.0001951231 | IGS $0.0001947814
[4:16:14 AM] High: DDD $0.0004440102 | Low: IGS $0.0001947814 | Spread: 127.95%
[4:16:14 AM] Not enough DDD. Have: 9788, need: 10000
[4:16:14 AM] [303/96 swaps] Next in 120s
[4:18:15 AM] No price: OGC (LPs drained)
[4:18:15 AM] Prices: DDD $0.0004440102 | PKT $0.0002637870 | DHG $0.0001963474 | LGP $0.0001955428 | BTN $0.0001954803 | EGP $0.0001951231 | IGS $0.0001947814
[4:18:15 AM] High: DDD $0.0004440102 | Low: IGS $0.0001947814 | Spread: 127.95%
[4:18:15 AM] Not enough DDD. Have: 9788, need: 10000
[4:18:15 AM] [304/96 swaps] Next in 120s
[4:20:15 AM] No price: OGC (LPs drained)
[4:20:15 AM] Prices: DDD $0.0004440102 | PKT $0.0002637870 | DHG $0.0001963474 | LGP $0.0001955428 | BTN $0.0001954803 | EGP $0.0001951231 | IGS $0.0001947814
[4:20:15 AM] High: DDD $0.0004440102 | Low: IGS $0.0001947814 | Spread: 127.95%
[4:20:15 AM] Not enough DDD. Have: 9788, need: 10000
[4:20:15 AM] [305/96 swaps] Next in 120s
[4:22:16 AM] No price: OGC (LPs drained)
[4:22:16 AM] Prices: DDD $0.0004440102 | PKT $0.0002637870 | DHG $0.0001963474 | LGP $0.0001955428 | BTN $0.0001954803 | EGP $0.0001951231 | IGS $0.0001947814
[4:22:16 AM] High: DDD $0.0004440102 | Low: IGS $0.0001947814 | Spread: 127.95%
[4:22:16 AM] Not enough DDD. Have: 9788, need: 10000
[4:22:16 AM] [306/96 swaps] Next in 120s
[4:24:16 AM] No price: OGC (LPs drained)
[4:24:16 AM] Prices: DDD $0.0004440102 | PKT $0.0002637870 | DHG $0.0001963474 | LGP $0.0001955428 | BTN $0.0001954803 | EGP $0.0001951231 | IGS $0.0001947814
[4:24:16 AM] High: DDD $0.0004440102 | Low: IGS $0.0001947814 | Spread: 127.95%
[4:24:16 AM] Not enough DDD. Have: 9788, need: 10000
[4:24:16 AM] [307/96 swaps] Next in 120s
[4:26:17 AM] No price: OGC (LPs drained)
[4:26:17 AM] Prices: DDD $0.0004440102 | PKT $0.0002637870 | DHG $0.0001963474 | LGP $0.0001955428 | BTN $0.0001954803 | EGP $0.0001951231 | IGS $0.0001947814
[4:26:17 AM] High: DDD $0.0004440102 | Low: IGS $0.0001947814 | Spread: 127.95%
[4:26:17 AM] Not enough DDD. Have: 9788, need: 10000
[4:26:17 AM] [308/96 swaps] Next in 120s
[4:28:17 AM] No price: OGC (LPs drained)
[4:28:17 AM] Prices: DDD $0.0004440102 | PKT $0.0002637870 | DHG $0.0001963474 | LGP $0.0001955428 | BTN $0.0001954803 | EGP $0.0001951231 | IGS $0.0001947814
[4:28:17 AM] High: DDD $0.0004440102 | Low: IGS $0.0001947814 | Spread: 127.95%
[4:28:17 AM] Not enough DDD. Have: 9788, need: 10000
[4:28:17 AM] [309/96 swaps] Next in 120s
[4:30:18 AM] No price: OGC (LPs drained)
[4:30:18 AM] Prices: DDD $0.0004440102 | PKT $0.0002637870 | DHG $0.0001963474 | LGP $0.0001955428 | BTN $0.0001954803 | EGP $0.0001951231 | IGS $0.0001947814
[4:30:18 AM] High: DDD $0.0004440102 | Low: IGS $0.0001947814 | Spread: 127.95%
[4:30:18 AM] Not enough DDD. Have: 9788, need: 10000
[4:30:18 AM] [310/96 swaps] Next in 120s
[4:32:18 AM] No price: OGC (LPs drained)
[4:32:18 AM] Prices: DDD $0.0004440102 | PKT $0.0002637870 | DHG $0.0001963474 | LGP $0.0001955428 | BTN $0.0001954803 | EGP $0.0001951231 | IGS $0.0001947814
[4:32:18 AM] High: DDD $0.0004440102 | Low: IGS $0.0001947814 | Spread: 127.95%
[4:32:18 AM] Not enough DDD. Have: 9788, need: 10000
[4:32:18 AM] [311/96 swaps] Next in 120s
[4:34:18 AM] No price: OGC (LPs drained)
[4:34:18 AM] Prices: DDD $0.0004440102 | PKT $0.0002637870 | DHG $0.0001963474 | LGP $0.0001955428 | BTN $0.0001954803 | EGP $0.0001951231 | IGS $0.0001947814
[4:34:18 AM] High: DDD $0.0004440102 | Low: IGS $0.0001947814 | Spread: 127.95%
[4:34:19 AM] Not enough DDD. Have: 9788, need: 10000
[4:34:19 AM] [312/96 swaps] Next in 120s
[4:36:19 AM] No price: OGC (LPs drained)
[4:36:19 AM] Prices: DDD $0.0004440102 | PKT $0.0002637870 | DHG $0.0001963474 | LGP $0.0001955428 | BTN $0.0001954803 | EGP $0.0001951231 | IGS $0.0001947814
[4:36:19 AM] High: DDD $0.0004440102 | Low: IGS $0.0001947814 | Spread: 127.95%
[4:36:19 AM] Not enough DDD. Have: 9788, need: 10000
[4:36:19 AM] [313/96 swaps] Next in 120s
[4:38:19 AM] No price: OGC (LPs drained)
[4:38:19 AM] Prices: DDD $0.0004440102 | PKT $0.0002637870 | DHG $0.0001963474 | LGP $0.0001955428 | BTN $0.0001954803 | EGP $0.0001951231 | IGS $0.0001947814
[4:38:19 AM] High: DDD $0.0004440102 | Low: IGS $0.0001947814 | Spread: 127.95%
[4:38:20 AM] Not enough DDD. Have: 9788, need: 10000
[4:38:20 AM] [314/96 swaps] Next in 120s
[4:40:20 AM] No price: OGC (LPs drained)
[4:40:20 AM] Prices: DDD $0.0004440102 | PKT $0.0002637870 | DHG $0.0001963474 | LGP $0.0001955428 | BTN $0.0001954803 | EGP $0.0001951231 | IGS $0.0001947814
[4:40:20 AM] High: DDD $0.0004440102 | Low: IGS $0.0001947814 | Spread: 127.95%
[4:40:20 AM] Not enough DDD. Have: 9788, need: 10000
[4:40:20 AM] [315/96 swaps] Next in 120s
[4:42:20 AM] No price: OGC (LPs drained)
[4:42:20 AM] Prices: DDD $0.0004440102 | PKT $0.0002637870 | DHG $0.0001963474 | LGP $0.0001955428 | BTN $0.0001954803 | EGP $0.0001951231 | IGS $0.0001947814
[4:42:20 AM] High: DDD $0.0004440102 | Low: IGS $0.0001947814 | Spread: 127.95%
[4:42:21 AM] Not enough DDD. Have: 9788, need: 10000
[4:42:21 AM] [316/96 swaps] Next in 120s
[4:44:21 AM] No price: OGC (LPs drained)
[4:44:21 AM] Prices: DDD $0.0004440102 | PKT $0.0002637870 | DHG $0.0001963474 | LGP $0.0001955428 | BTN $0.0001954803 | EGP $0.0001951231 | IGS $0.0001947814
[4:44:21 AM] High: DDD $0.0004440102 | Low: IGS $0.0001947814 | Spread: 127.95%
[4:44:21 AM] Not enough DDD. Have: 9788, need: 10000
[4:44:21 AM] [317/96 swaps] Next in 120s
[4:46:21 AM] No price: OGC (LPs drained)
[4:46:21 AM] Prices: DDD $0.0004440102 | PKT $0.0002637870 | DHG $0.0001963474 | LGP $0.0001955428 | BTN $0.0001954803 | EGP $0.0001951231 | IGS $0.0001947814
[4:46:21 AM] High: DDD $0.0004440102 | Low: IGS $0.0001947814 | Spread: 127.95%
[4:46:21 AM] Not enough DDD. Have: 9788, need: 10000
[4:46:21 AM] [318/96 swaps] Next in 120s
[4:48:22 AM] No price: OGC (LPs drained)
[4:48:22 AM] Prices: DDD $0.0004440102 | PKT $0.0002637870 | DHG $0.0001963474 | LGP $0.0001955428 | BTN $0.0001954803 | EGP $0.0001951231 | IGS $0.0001947814
[4:48:22 AM] High: DDD $0.0004440102 | Low: IGS $0.0001947814 | Spread: 127.95%
[4:48:22 AM] Not enough DDD. Have: 9788, need: 10000
[4:48:22 AM] [319/96 swaps] Next in 120s
[4:50:22 AM] No price: OGC (LPs drained)
[4:50:22 AM] Prices: DDD $0.0004440102 | PKT $0.0002637870 | DHG $0.0001963474 | LGP $0.0001955428 | BTN $0.0001954803 | EGP $0.0001951231 | IGS $0.0001947814
[4:50:22 AM] High: DDD $0.0004440102 | Low: IGS $0.0001947814 | Spread: 127.95%
[4:50:22 AM] Not enough DDD. Have: 9788, need: 10000
[4:50:22 AM] [320/96 swaps] Next in 120s
[4:52:23 AM] No price: OGC (LPs drained)
[4:52:23 AM] Prices: DDD $0.0004440102 | PKT $0.0002637870 | DHG $0.0001963474 | LGP $0.0001955428 | BTN $0.0001954803 | EGP $0.0001951231 | IGS $0.0001947814
[4:52:23 AM] High: DDD $0.0004440102 | Low: IGS $0.0001947814 | Spread: 127.95%
[4:52:23 AM] Not enough DDD. Have: 9788, need: 10000
[4:52:23 AM] [321/96 swaps] Next in 120s
[4:54:24 AM] No price: OGC (LPs drained)
[4:54:24 AM] Prices: DDD $0.0004440102 | PKT $0.0002637870 | DHG $0.0001963474 | LGP $0.0001955428 | BTN $0.0001954803 | EGP $0.0001951231 | IGS $0.0001947814
[4:54:24 AM] High: DDD $0.0004440102 | Low: IGS $0.0001947814 | Spread: 127.95%
[4:54:24 AM] Not enough DDD. Have: 9788, need: 10000
[4:54:24 AM] [322/96 swaps] Next in 120s
[4:56:24 AM] No price: OGC (LPs drained)
[4:56:24 AM] Prices: DDD $0.0004440102 | PKT $0.0002637870 | DHG $0.0001963474 | LGP $0.0001955428 | BTN $0.0001954803 | EGP $0.0001951231 | IGS $0.0001947814
[4:56:24 AM] High: DDD $0.0004440102 | Low: IGS $0.0001947814 | Spread: 127.95%
[4:56:24 AM] Not enough DDD. Have: 9788, need: 10000
[4:56:24 AM] [323/96 swaps] Next in 120s
[4:58:25 AM] No price: OGC (LPs drained)
[4:58:25 AM] Prices: DDD $0.0004440102 | PKT $0.0002637870 | DHG $0.0001963474 | LGP $0.0001955428 | BTN $0.0001954803 | EGP $0.0001951231 | IGS $0.0001947814
[4:58:25 AM] High: DDD $0.0004440102 | Low: IGS $0.0001947814 | Spread: 127.95%
[4:58:25 AM] Not enough DDD. Have: 9788, need: 10000
[4:58:25 AM] [324/96 swaps] Next in 120s
[5:00:25 AM] No price: OGC (LPs drained)
[5:00:25 AM] Prices: DDD $0.0004440102 | PKT $0.0002637870 | DHG $0.0001963474 | LGP $0.0001955428 | BTN $0.0001954803 | EGP $0.0001951231 | IGS $0.0001947814
[5:00:25 AM] High: DDD $0.0004440102 | Low: IGS $0.0001947814 | Spread: 127.95%
[5:00:25 AM] Not enough DDD. Have: 9788, need: 10000
[5:00:25 AM] [325/96 swaps] Next in 120s
[5:02:26 AM] No price: OGC (LPs drained)
[5:02:26 AM] Prices: DDD $0.0004440102 | PKT $0.0002637870 | DHG $0.0001963474 | LGP $0.0001955428 | BTN $0.0001954803 | EGP $0.0001951231 | IGS $0.0001947814
[5:02:26 AM] High: DDD $0.0004440102 | Low: IGS $0.0001947814 | Spread: 127.95%
[5:02:26 AM] Not enough DDD. Have: 9788, need: 10000
[5:02:26 AM] [326/96 swaps] Next in 120s
[5:04:26 AM] No price: OGC (LPs drained)
[5:04:26 AM] Prices: DDD $0.0004440102 | PKT $0.0002637870 | DHG $0.0001963474 | LGP $0.0001955428 | BTN $0.0001954803 | EGP $0.0001951231 | IGS $0.0001947814
[5:04:26 AM] High: DDD $0.0004440102 | Low: IGS $0.0001947814 | Spread: 127.95%
[5:04:26 AM] Not enough DDD. Have: 9788, need: 10000
[5:04:26 AM] [327/96 swaps] Next in 120s
[5:06:27 AM] No price: OGC (LPs drained)
[5:06:27 AM] Prices: DDD $0.0004440102 | PKT $0.0002637870 | DHG $0.0001963474 | LGP $0.0001955428 | BTN $0.0001954803 | EGP $0.0001951231 | IGS $0.0001947814
[5:06:27 AM] High: DDD $0.0004440102 | Low: IGS $0.0001947814 | Spread: 127.95%
[5:06:27 AM] Not enough DDD. Have: 9788, need: 10000
[5:06:27 AM] [328/96 swaps] Next in 120s
[5:08:27 AM] No price: OGC (LPs drained)
[5:08:27 AM] Prices: DDD $0.0004440102 | PKT $0.0002637870 | DHG $0.0001963474 | LGP $0.0001955428 | BTN $0.0001954803 | EGP $0.0001951231 | IGS $0.0001947814
[5:08:27 AM] High: DDD $0.0004440102 | Low: IGS $0.0001947814 | Spread: 127.95%
[5:08:27 AM] Not enough DDD. Have: 9788, need: 10000
[5:08:27 AM] [329/96 swaps] Next in 120s
[5:10:28 AM] No price: OGC (LPs drained)
[5:10:28 AM] Prices: DDD $0.0004440102 | PKT $0.0002637870 | DHG $0.0001963474 | LGP $0.0001955428 | BTN $0.0001954803 | EGP $0.0001951231 | IGS $0.0001947814
[5:10:28 AM] High: DDD $0.0004440102 | Low: IGS $0.0001947814 | Spread: 127.95%
[5:10:28 AM] Not enough DDD. Have: 9788, need: 10000
[5:10:28 AM] [330/96 swaps] Next in 120s
[5:12:28 AM] No price: OGC (LPs drained)
[5:12:28 AM] Prices: DDD $0.0004440102 | PKT $0.0002637870 | DHG $0.0001963474 | LGP $0.0001955428 | BTN $0.0001954803 | EGP $0.0001951231 | IGS $0.0001947814
[5:12:28 AM] High: DDD $0.0004440102 | Low: IGS $0.0001947814 | Spread: 127.95%
[5:12:28 AM] Not enough DDD. Have: 9788, need: 10000
[5:12:28 AM] [331/96 swaps] Next in 120s
[5:14:29 AM] No price: OGC (LPs drained)
[5:14:29 AM] Prices: DDD $0.0004440102 | PKT $0.0002637870 | DHG $0.0001963474 | LGP $0.0001955428 | BTN $0.0001954803 | EGP $0.0001951231 | IGS $0.0001947814
[5:14:29 AM] High: DDD $0.0004440102 | Low: IGS $0.0001947814 | Spread: 127.95%
[5:14:29 AM] Not enough DDD. Have: 9788, need: 10000
[5:14:29 AM] [332/96 swaps] Next in 120s
[5:16:29 AM] No price: OGC (LPs drained)
[5:16:29 AM] Prices: DDD $0.0004440102 | PKT $0.0002637870 | DHG $0.0001963474 | LGP $0.0001955428 | BTN $0.0001954803 | EGP $0.0001951231 | IGS $0.0001947814
[5:16:29 AM] High: DDD $0.0004440102 | Low: IGS $0.0001947814 | Spread: 127.95%
[5:16:29 AM] Not enough DDD. Have: 9788, need: 10000
[5:16:29 AM] [333/96 swaps] Next in 120s
[5:18:29 AM] No price: OGC (LPs drained)
[5:18:29 AM] Prices: DDD $0.0004440102 | PKT $0.0002637870 | DHG $0.0001963474 | LGP $0.0001955428 | BTN $0.0001954803 | EGP $0.0001951231 | IGS $0.0001947814
[5:18:29 AM] High: DDD $0.0004440102 | Low: IGS $0.0001947814 | Spread: 127.95%
[5:18:30 AM] Not enough DDD. Have: 9788, need: 10000
[5:18:30 AM] [334/96 swaps] Next in 120s
[5:20:30 AM] No price: OGC (LPs drained)
[5:20:30 AM] Prices: DDD $0.0004440102 | PKT $0.0002637870 | DHG $0.0001963474 | LGP $0.0001955428 | BTN $0.0001954803 | EGP $0.0001951231 | IGS $0.0001947814
[5:20:30 AM] High: DDD $0.0004440102 | Low: IGS $0.0001947814 | Spread: 127.95%
[5:20:30 AM] Not enough DDD. Have: 9788, need: 10000
[5:20:30 AM] [335/96 swaps] Next in 120s
[5:22:30 AM] No price: OGC (LPs drained)
[5:22:30 AM] Prices: DDD $0.0004440102 | PKT $0.0002637870 | DHG $0.0001963474 | LGP $0.0001955428 | BTN $0.0001954803 | EGP $0.0001951231 | IGS $0.0001947814
[5:22:30 AM] High: DDD $0.0004440102 | Low: IGS $0.0001947814 | Spread: 127.95%
[5:22:30 AM] Not enough DDD. Have: 9788, need: 10000
[5:22:30 AM] [336/96 swaps] Next in 120s
[5:24:31 AM] No price: OGC (LPs drained)
[5:24:31 AM] Prices: DDD $0.0004440102 | PKT $0.0002637870 | DHG $0.0001963474 | LGP $0.0001955428 | BTN $0.0001954803 | EGP $0.0001951231 | IGS $0.0001947814
[5:24:31 AM] High: DDD $0.0004440102 | Low: IGS $0.0001947814 | Spread: 127.95%
[5:24:31 AM] Not enough DDD. Have: 9788, need: 10000
[5:24:31 AM] [337/96 swaps] Next in 120s
[5:26:31 AM] No price: OGC (LPs drained)
[5:26:31 AM] Prices: DDD $0.0004440102 | PKT $0.0002637870 | DHG $0.0001963474 | LGP $0.0001955428 | BTN $0.0001954803 | EGP $0.0001951231 | IGS $0.0001947814
[5:26:31 AM] High: DDD $0.0004440102 | Low: IGS $0.0001947814 | Spread: 127.95%
[5:26:32 AM] Not enough DDD. Have: 9788, need: 10000
[5:26:32 AM] [338/96 swaps] Next in 120s
[5:28:32 AM] No price: OGC (LPs drained)
[5:28:32 AM] Prices: DDD $0.0004440102 | PKT $0.0002637870 | DHG $0.0001963474 | LGP $0.0001955428 | BTN $0.0001954803 | EGP $0.0001951231 | IGS $0.0001947814
[5:28:32 AM] High: DDD $0.0004440102 | Low: IGS $0.0001947814 | Spread: 127.95%
[5:28:32 AM] Not enough DDD. Have: 9788, need: 10000
[5:28:32 AM] [339/96 swaps] Next in 120s
[5:30:32 AM] No price: OGC (LPs drained)
[5:30:32 AM] Prices: DDD $0.0004440102 | PKT $0.0002637870 | DHG $0.0001963474 | LGP $0.0001955428 | BTN $0.0001954803 | EGP $0.0001951231 | IGS $0.0001947814
[5:30:32 AM] High: DDD $0.0004440102 | Low: IGS $0.0001947814 | Spread: 127.95%
[5:30:33 AM] Not enough DDD. Have: 9788, need: 10000
[5:30:33 AM] [340/96 swaps] Next in 120s
[5:32:33 AM] No price: OGC (LPs drained)
[5:32:33 AM] Prices: DDD $0.0004440102 | PKT $0.0002637870 | DHG $0.0001963474 | LGP $0.0001955428 | BTN $0.0001954803 | EGP $0.0001951231 | IGS $0.0001947814
[5:32:33 AM] High: DDD $0.0004440102 | Low: IGS $0.0001947814 | Spread: 127.95%
[5:32:33 AM] Not enough DDD. Have: 9788, need: 10000
[5:32:33 AM] [341/96 swaps] Next in 120s
[5:34:33 AM] No price: OGC (LPs drained)
[5:34:33 AM] Prices: DDD $0.0004440102 | PKT $0.0002637870 | DHG $0.0001963474 | LGP $0.0001955428 | BTN $0.0001954803 | EGP $0.0001951231 | IGS $0.0001947814
[5:34:33 AM] High: DDD $0.0004440102 | Low: IGS $0.0001947814 | Spread: 127.95%
[5:34:33 AM] Not enough DDD. Have: 9788, need: 10000
[5:34:33 AM] [342/96 swaps] Next in 120s
[5:36:34 AM] No price: OGC (LPs drained)
[5:36:34 AM] Prices: DDD $0.0004440102 | PKT $0.0002637870 | DHG $0.0001963474 | LGP $0.0001955428 | BTN $0.0001954803 | EGP $0.0001951231 | IGS $0.0001947814
[5:36:34 AM] High: DDD $0.0004440102 | Low: IGS $0.0001947814 | Spread: 127.95%
[5:36:34 AM] Not enough DDD. Have: 9788, need: 10000
[5:36:34 AM] [343/96 swaps] Next in 120s
[5:38:34 AM] No price: OGC (LPs drained)
[5:38:34 AM] Prices: DDD $0.0004440102 | PKT $0.0002637870 | DHG $0.0001963474 | LGP $0.0001955428 | BTN $0.0001954803 | EGP $0.0001951231 | IGS $0.0001947814
[5:38:34 AM] High: DDD $0.0004440102 | Low: IGS $0.0001947814 | Spread: 127.95%
[5:38:34 AM] Not enough DDD. Have: 9788, need: 10000
[5:38:34 AM] [344/96 swaps] Next in 120s
[5:40:35 AM] No price: OGC (LPs drained)
[5:40:35 AM] Prices: DDD $0.0004440102 | PKT $0.0002637870 | DHG $0.0001963474 | LGP $0.0001955428 | BTN $0.0001954803 | EGP $0.0001951231 | IGS $0.0001947814
[5:40:35 AM] High: DDD $0.0004440102 | Low: IGS $0.0001947814 | Spread: 127.95%
[5:40:35 AM] Not enough DDD. Have: 9788, need: 10000
[5:40:35 AM] [345/96 swaps] Next in 120s
[5:42:35 AM] No price: OGC (LPs drained)
[5:42:35 AM] Prices: DDD $0.0004440102 | PKT $0.0002637870 | DHG $0.0001963474 | LGP $0.0001955428 | BTN $0.0001954803 | EGP $0.0001951231 | IGS $0.0001947814
[5:42:35 AM] High: DDD $0.0004440102 | Low: IGS $0.0001947814 | Spread: 127.95%
[5:42:35 AM] Not enough DDD. Have: 9788, need: 10000
[5:42:35 AM] [346/96 swaps] Next in 120s
[5:44:36 AM] No price: OGC (LPs drained)
[5:44:36 AM] Prices: DDD $0.0004440102 | PKT $0.0002637870 | DHG $0.0001963474 | LGP $0.0001955428 | BTN $0.0001954803 | EGP $0.0001951231 | IGS $0.0001947814
[5:44:36 AM] High: DDD $0.0004440102 | Low: IGS $0.0001947814 | Spread: 127.95%
[5:44:36 AM] Not enough DDD. Have: 9788, need: 10000
[5:44:36 AM] [347/96 swaps] Next in 120s
[5:46:36 AM] No price: OGC (LPs drained)
[5:46:36 AM] Prices: DDD $0.0004440102 | PKT $0.0002637870 | DHG $0.0001963474 | LGP $0.0001955428 | BTN $0.0001954803 | EGP $0.0001951231 | IGS $0.0001947814
[5:46:36 AM] High: DDD $0.0004440102 | Low: IGS $0.0001947814 | Spread: 127.95%
[5:46:36 AM] Not enough DDD. Have: 9788, need: 10000
[5:46:36 AM] [348/96 swaps] Next in 120s
[5:48:37 AM] No price: OGC (LPs drained)
[5:48:37 AM] Prices: DDD $0.0004440102 | PKT $0.0002637870 | DHG $0.0001963474 | LGP $0.0001955428 | BTN $0.0001954803 | EGP $0.0001951231 | IGS $0.0001947814
[5:48:37 AM] High: DDD $0.0004440102 | Low: IGS $0.0001947814 | Spread: 127.95%
[5:48:37 AM] Not enough DDD. Have: 9788, need: 10000
[5:48:37 AM] [349/96 swaps] Next in 120s
[5:50:37 AM] No price: OGC (LPs drained)
[5:50:37 AM] Prices: DDD $0.0004440102 | PKT $0.0002637870 | DHG $0.0001963474 | LGP $0.0001955428 | BTN $0.0001954803 | EGP $0.0001951231 | IGS $0.0001947814
[5:50:37 AM] High: DDD $0.0004440102 | Low: IGS $0.0001947814 | Spread: 127.95%
[5:50:37 AM] Not enough DDD. Have: 9788, need: 10000
[5:50:37 AM] [350/96 swaps] Next in 120s
[5:52:38 AM] No price: OGC (LPs drained)
[5:52:38 AM] Prices: DDD $0.0004440102 | PKT $0.0002637870 | DHG $0.0001963474 | LGP $0.0001955428 | BTN $0.0001954803 | EGP $0.0001951231 | IGS $0.0001947814
[5:52:38 AM] High: DDD $0.0004440102 | Low: IGS $0.0001947814 | Spread: 127.95%
[5:52:38 AM] Not enough DDD. Have: 9788, need: 10000
[5:52:38 AM] [351/96 swaps] Next in 120s
[5:54:38 AM] No price: OGC (LPs drained)
[5:54:38 AM] Prices: DDD $0.0004440102 | PKT $0.0002637870 | DHG $0.0001963474 | LGP $0.0001955428 | BTN $0.0001954803 | EGP $0.0001951231 | IGS $0.0001947814
[5:54:38 AM] High: DDD $0.0004440102 | Low: IGS $0.0001947814 | Spread: 127.95%
[5:54:38 AM] Not enough DDD. Have: 9788, need: 10000
[5:54:38 AM] [352/96 swaps] Next in 120s
[5:56:39 AM] No price: OGC (LPs drained)
[5:56:39 AM] Prices: DDD $0.0004440102 | PKT $0.0002637870 | DHG $0.0001963474 | LGP $0.0001955428 | BTN $0.0001954803 | EGP $0.0001951231 | IGS $0.0001947814
[5:56:39 AM] High: DDD $0.0004440102 | Low: IGS $0.0001947814 | Spread: 127.95%
[5:56:39 AM] Not enough DDD. Have: 9788, need: 10000
[5:56:39 AM] [353/96 swaps] Next in 120s
[5:58:39 AM] No price: OGC (LPs drained)
[5:58:39 AM] Prices: DDD $0.0004440102 | PKT $0.0002637870 | DHG $0.0001963474 | LGP $0.0001955428 | BTN $0.0001954803 | EGP $0.0001951231 | IGS $0.0001947814
[5:58:39 AM] High: DDD $0.0004440102 | Low: IGS $0.0001947814 | Spread: 127.95%
[5:58:39 AM] Not enough DDD. Have: 9788, need: 10000
[5:58:39 AM] [354/96 swaps] Next in 120s
[6:00:40 AM] No price: OGC (LPs drained)
[6:00:40 AM] Prices: DDD $0.0004440102 | PKT $0.0002637870 | DHG $0.0001963474 | LGP $0.0001955428 | BTN $0.0001954803 | EGP $0.0001951231 | IGS $0.0001947814
[6:00:40 AM] High: DDD $0.0004440102 | Low: IGS $0.0001947814 | Spread: 127.95%
[6:00:40 AM] Not enough DDD. Have: 9788, need: 10000
[6:00:40 AM] [355/96 swaps] Next in 120s
[6:02:40 AM] No price: OGC (LPs drained)
[6:02:40 AM] Prices: DDD $0.0004440102 | PKT $0.0002637870 | DHG $0.0001963474 | LGP $0.0001955428 | BTN $0.0001954803 | EGP $0.0001951231 | IGS $0.0001947814
[6:02:40 AM] High: DDD $0.0004440102 | Low: IGS $0.0001947814 | Spread: 127.95%
[6:02:40 AM] Not enough DDD. Have: 9788, need: 10000
[6:02:40 AM] [356/96 swaps] Next in 120s
[6:04:41 AM] No price: OGC (LPs drained)
[6:04:41 AM] Prices: DDD $0.0004440102 | PKT $0.0002637870 | DHG $0.0001963474 | LGP $0.0001955428 | BTN $0.0001954803 | EGP $0.0001951231 | IGS $0.0001947814
[6:04:41 AM] High: DDD $0.0004440102 | Low: IGS $0.0001947814 | Spread: 127.95%
[6:04:41 AM] Not enough DDD. Have: 9788, need: 10000
[6:04:41 AM] [357/96 swaps] Next in 120s
[6:06:41 AM] No price: OGC (LPs drained)
[6:06:41 AM] Prices: DDD $0.0004440102 | PKT $0.0002637870 | DHG $0.0001963474 | LGP $0.0001955428 | BTN $0.0001954803 | EGP $0.0001951231 | IGS $0.0001947814
[6:06:41 AM] High: DDD $0.0004440102 | Low: IGS $0.0001947814 | Spread: 127.95%
[6:06:41 AM] Not enough DDD. Have: 9788, need: 10000
[6:06:41 AM] [358/96 swaps] Next in 120s
[6:08:42 AM] No price: OGC (LPs drained)
[6:08:42 AM] Prices: DDD $0.0004440102 | PKT $0.0002637870 | DHG $0.0001963474 | LGP $0.0001955428 | BTN $0.0001954803 | EGP $0.0001951231 | IGS $0.0001947814
[6:08:42 AM] High: DDD $0.0004440102 | Low: IGS $0.0001947814 | Spread: 127.95%
[6:08:42 AM] Not enough DDD. Have: 9788, need: 10000
[6:08:42 AM] [359/96 swaps] Next in 120s
[6:10:42 AM] No price: OGC (LPs drained)
[6:10:42 AM] Prices: DDD $0.0004440102 | PKT $0.0002637870 | DHG $0.0001963474 | LGP $0.0001955428 | BTN $0.0001954803 | EGP $0.0001951231 | IGS $0.0001947814
[6:10:42 AM] High: DDD $0.0004440102 | Low: IGS $0.0001947814 | Spread: 127.95%
[6:10:42 AM] Not enough DDD. Have: 9788, need: 10000
[6:10:42 AM] [360/96 swaps] Next in 120s
[6:12:42 AM] No price: OGC (LPs drained)
[6:12:42 AM] Prices: DDD $0.0004440102 | PKT $0.0002637870 | DHG $0.0001963474 | LGP $0.0001955428 | BTN $0.0001954803 | EGP $0.0001951231 | IGS $0.0001947814
[6:12:42 AM] High: DDD $0.0004440102 | Low: IGS $0.0001947814 | Spread: 127.95%
[6:12:43 AM] Not enough DDD. Have: 9788, need: 10000
[6:12:43 AM] [361/96 swaps] Next in 120s
[6:14:43 AM] No price: OGC (LPs drained)
[6:14:43 AM] Prices: DDD $0.0004440102 | PKT $0.0002637870 | DHG $0.0001963474 | LGP $0.0001955428 | BTN $0.0001954803 | EGP $0.0001951231 | IGS $0.0001947814
[6:14:43 AM] High: DDD $0.0004440102 | Low: IGS $0.0001947814 | Spread: 127.95%
[6:14:43 AM] Not enough DDD. Have: 9788, need: 10000
[6:14:43 AM] [362/96 swaps] Next in 120s
[6:16:43 AM] No price: OGC (LPs drained)
[6:16:43 AM] Prices: DDD $0.0004440102 | PKT $0.0002637870 | DHG $0.0001963474 | LGP $0.0001955428 | BTN $0.0001954803 | EGP $0.0001951231 | IGS $0.0001947814
[6:16:43 AM] High: DDD $0.0004440102 | Low: IGS $0.0001947814 | Spread: 127.95%
[6:16:43 AM] Not enough DDD. Have: 9788, need: 10000
[6:16:43 AM] [363/96 swaps] Next in 120s
[6:18:44 AM] No price: OGC (LPs drained)
[6:18:44 AM] Prices: DDD $0.0004440102 | PKT $0.0002637870 | DHG $0.0001963474 | LGP $0.0001955428 | BTN $0.0001954803 | EGP $0.0001951231 | IGS $0.0001947814
[6:18:44 AM] High: DDD $0.0004440102 | Low: IGS $0.0001947814 | Spread: 127.95%
[6:18:44 AM] Not enough DDD. Have: 9788, need: 10000
[6:18:44 AM] [364/96 swaps] Next in 120s
[6:20:44 AM] No price: OGC (LPs drained)
[6:20:44 AM] Prices: DDD $0.0004440102 | PKT $0.0002637870 | DHG $0.0001963474 | LGP $0.0001955428 | BTN $0.0001954803 | EGP $0.0001951231 | IGS $0.0001947814
[6:20:44 AM] High: DDD $0.0004440102 | Low: IGS $0.0001947814 | Spread: 127.95%
[6:20:44 AM] Not enough DDD. Have: 9788, need: 10000
[6:20:44 AM] [365/96 swaps] Next in 120s
[6:22:45 AM] No price: OGC (LPs drained)
[6:22:45 AM] Prices: DDD $0.0004440102 | PKT $0.0002637870 | DHG $0.0001963474 | LGP $0.0001955428 | BTN $0.0001954803 | EGP $0.0001951231 | IGS $0.0001947814
[6:22:45 AM] High: DDD $0.0004440102 | Low: IGS $0.0001947814 | Spread: 127.95%
[6:22:45 AM] Not enough DDD. Have: 9788, need: 10000
[6:22:45 AM] [366/96 swaps] Next in 120s
[6:24:45 AM] No price: OGC (LPs drained)
[6:24:45 AM] Prices: DDD $0.0004440102 | PKT $0.0002637870 | DHG $0.0001963474 | LGP $0.0001955428 | BTN $0.0001954803 | EGP $0.0001951231 | IGS $0.0001947814
[6:24:45 AM] High: DDD $0.0004440102 | Low: IGS $0.0001947814 | Spread: 127.95%
[6:24:45 AM] Not enough DDD. Have: 9788, need: 10000
[6:24:45 AM] [367/96 swaps] Next in 120s
[6:26:46 AM] No price: OGC (LPs drained)
[6:26:46 AM] Prices: DDD $0.0004440102 | PKT $0.0002637870 | DHG $0.0001963474 | LGP $0.0001955428 | BTN $0.0001954803 | EGP $0.0001951231 | IGS $0.0001947814
[6:26:46 AM] High: DDD $0.0004440102 | Low: IGS $0.0001947814 | Spread: 127.95%
[6:26:46 AM] Selling 10,000 DDD for IGS
[6:26:51 AM] Swapped V3 direct DDD->IGS | gas 129351
[6:26:51 AM] Total tokens: 1,741,295 / 1,000,000
[6:26:51 AM] Skimming 21422 IGS to owner 0x0780b145...
[6:26:55 AM] Sent | tx: 0x7941cf8242ade13ab158960e0b5ee05d8d0ddb9cfeaa7e7cb4d76f338e2feeb2
[6:26:55 AM] [368/97 swaps] Next in 120s
[6:28:56 AM] No price: OGC (LPs drained)
[6:28:56 AM] Prices: DDD $0.0004440102 | PKT $0.0002637870 | IGS $0.0001995317 | EGP $0.0001964208 | DHG $0.0001963474 | LGP $0.0001955428 | BTN $0.0001954803
[6:28:56 AM] High: DDD $0.0004440102 | Low: BTN $0.0001954803 | Spread: 127.14%
[6:28:56 AM] Selling 10,000 DDD for BTN
[6:29:01 AM] Swapped V3 direct DDD->BTN | gas 112265
[6:29:01 AM] Total tokens: 1,362,375 / 1,000,000
[6:29:01 AM] Skimming 102501 BTN to owner 0x0780b145...
[6:29:05 AM] Sent | tx: 0x19c9098727f7c14b3c3b870a6b5c5ead5d172dc6534bc713f0c60930c3640b25
[6:29:05 AM] [369/98 swaps] Next in 120s
[6:31:06 AM] No price: OGC (LPs drained)
[6:31:06 AM] Prices: DDD $0.0004440102 | PKT $0.0002637870 | IGS $0.0001995317 | EGP $0.0001964208 | DHG $0.0001963474 | LGP $0.0001955428 | BTN $0.0001954803
[6:31:06 AM] High: DDD $0.0004440102 | Low: BTN $0.0001954803 | Spread: 127.14%
[6:31:06 AM] Selling 10,000 DDD for BTN
[6:31:11 AM] Swapped V3 direct DDD->BTN | gas 112237
[6:31:11 AM] Total tokens: 1,284,285 / 1,000,000
[6:31:11 AM] Skimming 44411 BTN to owner 0x0780b145...
[6:31:16 AM] Sent | tx: 0x6da543352609edd19d8a9247faeda3b69c246ed50a1c301070cf5fbbead3827f
[6:31:16 AM] [370/99 swaps] Next in 120s
[6:33:16 AM] No price: OGC (LPs drained)
[6:33:16 AM] Prices: DDD $0.0004440102 | PKT $0.0002637870 | IGS $0.0001995317 | EGP $0.0001964208 | DHG $0.0001963474 | LGP $0.0001955428 | BTN $0.0001954803
[6:33:16 AM] High: DDD $0.0004440102 | Low: BTN $0.0001954803 | Spread: 127.14%
[6:33:16 AM] Selling 10,000 DDD for BTN
[6:33:21 AM] Swapped V3 direct DDD->BTN | gas 112273
[6:33:21 AM] Total tokens: 1,263,515 / 1,000,000
[6:33:21 AM] Skimming 43641 BTN to owner 0x0780b145...
[6:33:26 AM] Sent | tx: 0x1d68d9f83708e80997480ac2beebc1d2ddb519ab0354ad0b73860d2071df32e1
[6:33:26 AM] [371/100 swaps] Next in 120s
[6:35:27 AM] No price: OGC (LPs drained)
[6:35:27 AM] Prices: DDD $0.0004440102 | PKT $0.0002637870 | IGS $0.0001995317 | EGP $0.0001964208 | DHG $0.0001963474 | LGP $0.0001955428 | BTN $0.0001954803
[6:35:27 AM] High: DDD $0.0004440102 | Low: BTN $0.0001954803 | Spread: 127.14%
[6:35:27 AM] Selling 10,000 DDD for BTN
[6:35:32 AM] Swapped V3 direct DDD->BTN | gas 125473
[6:35:32 AM] Total tokens: 1,221,273 / 1,000,000
[6:35:32 AM] Skimming 21399 BTN to owner 0x0780b145...
[6:35:36 AM] Sent | tx: 0x1c352800faf585110f226292249a24c0f74ce8d9ec78155de945f6eb955f627f
[6:35:36 AM] [372/101 swaps] Next in 120s
[6:37:37 AM] No price: OGC (LPs drained)
[6:37:37 AM] Prices: DDD $0.0004440102 | PKT $0.0002637870 | IGS $0.0001995317 | BTN $0.0001992620 | DHG $0.0001963474 | EGP $0.0001959740 | LGP $0.0001955428
[6:37:37 AM] High: DDD $0.0004440102 | Low: LGP $0.0001955428 | Spread: 127.07%
[6:37:37 AM] Selling 10,000 DDD for LGP
[6:37:42 AM] Swapped V3 direct DDD->LGP | gas 113064
[6:37:42 AM] Total tokens: 1,064,042 / 1,000,000
[6:37:42 AM] Skimming 44169 LGP to owner 0x0780b145...
[6:37:47 AM] Sent | tx: 0x3fe1a7a430385542189c79f5d1d597462ea30ab6b8af1f6c13dffdb290286835
[6:37:47 AM] [373/102 swaps] Next in 120s
[6:39:47 AM] No price: OGC (LPs drained)
[6:39:47 AM] Prices: DDD $0.0004440102 | PKT $0.0002637870 | IGS $0.0001995317 | BTN $0.0001992620 | DHG $0.0001963474 | EGP $0.0001959740 | LGP $0.0001955428
[6:39:47 AM] High: DDD $0.0004440102 | Low: LGP $0.0001955428 | Spread: 127.07%
[6:39:47 AM] Selling 10,000 DDD for LGP
[6:39:52 AM] Swapped V3 direct DDD->LGP | gas 113006
[6:39:52 AM] Total tokens: 1,043,267 / 1,000,000
[6:39:52 AM] Skimming 43267 LGP to owner 0x0780b145...
[6:39:57 AM] Sent | tx: 0x30d608809ac3ff6c1768e739aa419657253ce80a9091ccd71fe35ecad91c7b09
[6:39:57 AM] [374/103 swaps] Next in 120s
[6:41:58 AM] No price: OGC (LPs drained)
[6:41:58 AM] Prices: DDD $0.0004440102 | PKT $0.0002637870 | IGS $0.0001995317 | BTN $0.0001992620 | DHG $0.0001963474 | EGP $0.0001959740 | LGP $0.0001955428
[6:41:58 AM] High: DDD $0.0004440102 | Low: LGP $0.0001955428 | Spread: 127.07%
[6:41:58 AM] Selling 10,000 DDD for LGP
[6:42:03 AM] Swapped V3 direct DDD->LGP | gas 113006
[6:42:03 AM] Total tokens: 1,011,337 / 1,000,000
[6:42:03 AM] Skimming 11337 LGP to owner 0x0780b145...
[6:42:07 AM] Sent | tx: 0x22c1e66a22db287bac289f00dbfa457d56a6941273108128f4161b4453b1e713
[6:42:07 AM] [375/104 swaps] Next in 120s
[6:44:08 AM] No price: OGC (LPs drained)
[6:44:08 AM] Prices: DDD $0.0004440102 | PKT $0.0002637870 | LGP $0.0002000221 | IGS $0.0001995317 | BTN $0.0001992620 | DHG $0.0001963474 | EGP $0.0001959740
[6:44:08 AM] High: DDD $0.0004440102 | Low: EGP $0.0001959740 | Spread: 126.57%
[6:44:08 AM] Selling 10,000 DDD for EGP
[6:44:13 AM] Swapped V3 direct DDD->EGP | gas 130132
[6:44:13 AM] Total tokens: 1,011,385 / 1,000,000
[6:44:13 AM] Skimming 11385 EGP to owner 0x0780b145...
[6:44:17 AM] Sent | tx: 0xab0304e62a9d5a328faaa502a47c42691095b1ffe05b8e9d57c4f808c2b7a80b
[6:44:17 AM] [376/105 swaps] Next in 120s
[6:46:18 AM] No price: OGC (LPs drained)
[6:46:18 AM] Prices: DDD $0.0004436521 | PKT $0.0002637870 | LGP $0.0002000221 | IGS $0.0001995317 | BTN $0.0001992620 | EGP $0.0001980474 | DHG $0.0001963474
[6:46:18 AM] High: DDD $0.0004436521 | Low: DHG $0.0001963474 | Spread: 125.95%
[6:46:18 AM] Selling 10,000 DDD for DHG
[6:46:23 AM] Swapped V3 direct DDD->DHG | gas 112265
[6:46:23 AM] Total tokens: 1,012,421 / 1,000,000
[6:46:23 AM] Skimming 12421 DHG to owner 0x0780b145...
[6:46:28 AM] Sent | tx: 0x72f680bb950b18678bd6f5b128230494a8dc1d86ef5232245fda1709e199c438
[6:46:28 AM] [377/106 swaps] Next in 120s
[6:48:28 AM] No price: OGC (LPs drained)
[6:48:28 AM] Prices: DDD $0.0004436521 | PKT $0.0002637870 | LGP $0.0002000221 | IGS $0.0001995317 | BTN $0.0001992620 | EGP $0.0001980474 | DHG $0.0001963474
[6:48:28 AM] High: DDD $0.0004436521 | Low: DHG $0.0001963474 | Spread: 125.95%
[6:48:28 AM] Selling 10,000 DDD for DHG
[6:48:33 AM] Swapped V3 direct DDD->DHG | gas 112231
[6:48:33 AM] Total tokens: 1,012,199 / 1,000,000
[6:48:33 AM] Skimming 12199 DHG to owner 0x0780b145...
[6:48:38 AM] Sent | tx: 0xdcd3fdd56ff87cf14fc49a67d287ebd7f49bc01525064e3b2b39818f5f380024
[6:48:38 AM] [378/107 swaps] Next in 120s
[6:50:38 AM] No price: OGC (LPs drained)
[6:50:38 AM] Prices: DDD $0.0004436521 | PKT $0.0002637870 | LGP $0.0002000221 | IGS $0.0001995317 | BTN $0.0001992620 | EGP $0.0001980474 | DHG $0.0001963474
[6:50:38 AM] High: DDD $0.0004436521 | Low: DHG $0.0001963474 | Spread: 125.95%
[6:50:38 AM] Selling 10,000 DDD for DHG
[6:50:43 AM] Swapped V3 direct DDD->DHG | gas 112279
[6:50:43 AM] Total tokens: 1,024,071 / 1,000,000
[6:50:43 AM] Skimming 24071 DHG to owner 0x0780b145...
[6:50:48 AM] Sent | tx: 0x27afa99d299fea91afb928f3a468e2165928109d31fd666322b6e8290728c768
[6:50:48 AM] [379/108 swaps] Next in 120s
[6:52:48 AM] No price: OGC (LPs drained)
[6:52:48 AM] Prices: DDD $0.0004423755 | PKT $0.0002637870 | LGP $0.0002000221 | IGS $0.0001995317 | BTN $0.0001992620 | EGP $0.0001976384 | DHG $0.0001963474
[6:52:48 AM] High: DDD $0.0004423755 | Low: DHG $0.0001963474 | Spread: 125.30%
[6:52:48 AM] Selling 10,000 DDD for DHG
[6:52:53 AM] Swapped V3 direct DDD->DHG | gas 112261
[6:52:53 AM] Total tokens: 1,011,765 / 1,000,000
[6:52:53 AM] Skimming 11765 DHG to owner 0x0780b145...
[6:52:58 AM] Sent | tx: 0x840a6ae2594bce115d9d29a61b4a314c95e6796ac5e9ffe0182c994959f4578f
[6:52:58 AM] [380/109 swaps] Next in 120s
[6:54:58 AM] No price: OGC (LPs drained)
[6:54:58 AM] Prices: DDD $0.0004423755 | PKT $0.0002637870 | LGP $0.0002000221 | IGS $0.0001995317 | BTN $0.0001992620 | EGP $0.0001976384 | DHG $0.0001963474
[6:54:58 AM] High: DDD $0.0004423755 | Low: DHG $0.0001963474 | Spread: 125.30%
[6:54:58 AM] Selling 10,000 DDD for DHG
[6:55:11 AM] Swapped V3 direct DDD->DHG | gas 112259
[6:55:12 AM] Total tokens: 1,023,241 / 1,000,000
[6:55:12 AM] Skimming 23241 DHG to owner 0x0780b145...
[6:55:16 AM] Sent | tx: 0xce2bd2d95693790fb86228b88cb9b6c4d3c8d17211bde0528ec7540f0f25a612
[6:55:16 AM] [381/110 swaps] Next in 120s
